,Unnamed: 0,Date,Host,Result,Guest,Status,Season,Host: Average shots stvor,Guest: Average shots stvor,Host: Average corner situation,Guest: Average corner situation,Host: SCR,Guest: SCR,Host: Ball control,Guest: Ball control,Host: current season market value,Guest: current season market value
0,0,02.08.2020,Genoa,3 : 0,Hellas Verona,Завершен,italy-serie-a-2019-2020,4.13,4.45,4.37,5.45,0.13921113689095127,0.14134275618374556,49.37,49.68,€142.38m,€112.53m
1,1,02.08.2020,Lecce,3 : 4,Parma,Завершен,italy-serie-a-2019-2020,4.58,4.11,4.79,4.39,0.13888888888888887,0.15739769150052466,44.58,43.63,€52.33m,€128.75m
2,2,02.08.2020,Bologna,1 : 1,Torino,Завершен,italy-serie-a-2019-2020,4.53,3.89,6.0,4.74,0.1269265639165911,0.13303769401330376,52.87,47.45,€129.65m,€163.55m
3,3,02.08.2020,Sassuolo,0 : 1,Udinese,Завершен,italy-serie-a-2019-2020,5.29,3.92,5.45,5.26,0.16869728209934395,0.10559662090813093,57.71,44.66,€167.98m,€121.08m
4,4,02.08.2020,SPAL,1 : 3,Fiorentina,Завершен,italy-serie-a-2019-2020,3.34,5.08,4.16,5.5,0.07179487179487179,0.12404580152671756,46.55,47.53,€73.63m,€302.23m
5,5,01.08.2020,Milan,3 : 0,Cagliari,Завершен,italy-serie-a-2019-2020,5.21,4.05,5.47,4.05,0.13385826771653545,0.15283842794759825,55.24,45.37,€404.33m,€167.83m
6,6,01.08.2020,Atalanta,0 : 2,Inter,Завершен,italy-serie-a-2019-2020,7.34,6.18,6.53,6.18,0.1882693700217234,0.17170891251022077,57.63,54.21,€291.43m,€606.05m
7,7,01.08.2020,Napoli,3 : 1,Lazio,Завершен,italy-serie-a-2019-2020,6.21,5.95,5.84,5.74,0.11976047904191618,0.18229166666666669,59.32,50.45,€548.28m,€303.88m
8,8,01.08.2020,Juventus,1 : 3,Roma,Завершен,italy-serie-a-2019-2020,6.26,5.71,6.18,7.03,0.14695077149155034,0.14992503748125938,58.16,53.03,€661.88m,€392.73m
9,9,01.08.2020,Brescia,1 : 1,Sampdoria,Завершен,italy-serie-a-2019-2020,3.68,4.66,4.21,5.13,0.11138613861386139,0.11423550087873462,40.05,42.53,€83.23m,€135.28m
10,10,29.07.2020,Fiorentina,4 : 0,Bologna,Завершен,italy-serie-a-2019-2020,5.08,4.53,5.5,6.0,0.12404580152671756,0.1269265639165911,47.53,52.87,€302.23m,€129.65m
11,11,29.07.2020,Cagliari,2 : 0,Juventus,Завершен,italy-serie-a-2019-2020,4.05,6.26,4.05,6.18,0.15283842794759825,0.14695077149155034,45.37,58.16,€167.83m,€661.88m
12,12,29.07.2020,Torino,2 : 3,Roma,Завершен,italy-serie-a-2019-2020,3.89,5.71,4.74,7.03,0.13303769401330376,0.14992503748125938,47.45,53.03,€163.55m,€392.73m
13,13,29.07.2020,Lazio,2 : 0,Brescia,Завершен,italy-serie-a-2019-2020,5.95,3.68,5.74,4.21,0.18229166666666669,0.11138613861386139,50.45,40.05,€303.88m,€83.23m
14,14,29.07.2020,Sassuolo,5 : 0,Genoa,Завершен,italy-serie-a-2019-2020,5.29,4.13,5.45,4.37,0.16869728209934395,0.13921113689095127,57.71,49.37,€167.98m,€142.38m
15,15,29.07.2020,Udinese,1 : 2,Lecce,Завершен,italy-serie-a-2019-2020,3.92,4.58,5.26,4.79,0.10559662090813093,0.13888888888888887,44.66,44.58,€121.08m,€52.33m
16,16,29.07.2020,Sampdoria,1 : 4,Milan,Завершен,italy-serie-a-2019-2020,4.66,5.21,5.13,5.47,0.11423550087873462,0.13385826771653545,42.53,55.24,€135.28m,€404.33m
17,17,29.07.2020,Hellas Verona,3 : 0,SPAL,Завершен,italy-serie-a-2019-2020,4.45,3.34,5.45,4.16,0.14134275618374556,0.07179487179487179,49.68,46.55,€112.53m,€73.63m
18,18,28.07.2020,Inter,2 : 0,Napoli,Завершен,italy-serie-a-2019-2020,6.18,6.21,6.18,5.84,0.17170891251022077,0.11976047904191618,54.21,59.32,€606.05m,€548.28m
19,19,28.07.2020,Parma,1 : 2,Atalanta,Завершен,italy-serie-a-2019-2020,4.11,7.34,4.39,6.53,0.15739769150052466,0.1882693700217234,43.63,57.63,€128.75m,€291.43m
20,20,26.07.2020,Juventus,2 : 0,Sampdoria,Завершен,italy-serie-a-2019-2020,6.26,4.66,6.18,5.13,0.14695077149155034,0.11423550087873462,58.16,42.53,€661.88m,€135.28m
21,21,26.07.2020,Roma,2 : 1,Fiorentina,Завершен,italy-serie-a-2019-2020,5.71,5.08,7.03,5.5,0.14992503748125938,0.12404580152671756,53.03,47.53,€392.73m,€302.23m
22,22,26.07.2020,Hellas Verona,1 : 5,Lazio,Завершен,italy-serie-a-2019-2020,4.45,5.95,5.45,5.74,0.14134275618374556,0.18229166666666669,49.68,50.45,€112.53m,€303.88m
23,23,26.07.2020,SPAL,1 : 1,Torino,Завершен,italy-serie-a-2019-2020,3.34,3.89,4.16,4.74,0.07179487179487179,0.13303769401330376,46.55,47.45,€73.63m,€163.55m
24,24,26.07.2020,Cagliari,0 : 1,Udinese,Завершен,italy-serie-a-2019-2020,4.05,3.92,4.05,5.26,0.15283842794759825,0.10559662090813093,45.37,44.66,€167.83m,€121.08m
25,25,26.07.2020,Bologna,3 : 2,Lecce,Завершен,italy-serie-a-2019-2020,4.53,4.58,6.0,4.79,0.1269265639165911,0.13888888888888887,52.87,44.58,€129.65m,€52.33m
26,26,25.07.2020,Napoli,2 : 0,Sassuolo,Завершен,italy-serie-a-2019-2020,6.21,5.29,5.84,5.45,0.11976047904191618,0.16869728209934395,59.32,57.71,€548.28m,€167.98m
27,27,25.07.2020,Genoa,0 : 3,Inter,Завершен,italy-serie-a-2019-2020,4.13,6.18,4.37,6.18,0.13921113689095127,0.17170891251022077,49.37,54.21,€142.38m,€606.05m
28,28,25.07.2020,Brescia,1 : 2,Parma,Завершен,italy-serie-a-2019-2020,3.68,4.11,4.21,4.39,0.11138613861386139,0.15739769150052466,40.05,43.63,€83.23m,€128.75m
29,29,24.07.2020,Milan,1 : 1,Atalanta,Завершен,italy-serie-a-2019-2020,5.21,7.34,5.47,6.53,0.13385826771653545,0.1882693700217234,55.24,57.63,€404.33m,€291.43m
30,30,23.07.2020,Lazio,2 : 1,Cagliari,Завершен,italy-serie-a-2019-2020,5.95,4.05,5.74,4.05,0.18229166666666669,0.15283842794759825,50.45,45.37,€303.88m,€167.83m
31,31,23.07.2020,Udinese,2 : 1,Juventus,Завершен,italy-serie-a-2019-2020,3.92,6.26,5.26,6.18,0.10559662090813093,0.14695077149155034,44.66,58.16,€121.08m,€661.88m
32,32,22.07.2020,Lecce,3 : 1,Brescia,Завершен,italy-serie-a-2019-2020,4.58,3.68,4.79,4.21,0.13888888888888887,0.11138613861386139,44.58,40.05,€52.33m,€83.23m
33,33,22.07.2020,Inter,0 : 0,Fiorentina,Завершен,italy-serie-a-2019-2020,6.18,5.08,6.18,5.5,0.17170891251022077,0.12404580152671756,54.21,47.53,€606.05m,€302.23m
34,34,22.07.2020,Sampdoria,1 : 2,Genoa,Завершен,italy-serie-a-2019-2020,4.66,4.13,5.13,4.37,0.11423550087873462,0.13921113689095127,42.53,49.37,€135.28m,€142.38m
35,35,22.07.2020,Torino,1 : 1,Hellas Verona,Завершен,italy-serie-a-2019-2020,3.89,4.45,4.74,5.45,0.13303769401330376,0.14134275618374556,47.45,49.68,€163.55m,€112.53m
36,36,22.07.2020,SPAL,1 : 6,Roma,Завершен,italy-serie-a-2019-2020,3.34,5.71,4.16,7.03,0.07179487179487179,0.14992503748125938,46.55,53.03,€73.63m,€392.73m
37,37,22.07.2020,Parma,2 : 1,Napoli,Завершен,italy-serie-a-2019-2020,4.11,6.21,4.39,5.84,0.15739769150052466,0.11976047904191618,43.63,59.32,€128.75m,€548.28m
38,38,21.07.2020,Sassuolo,1 : 2,Milan,Завершен,italy-serie-a-2019-2020,5.29,5.21,5.45,5.47,0.16869728209934395,0.13385826771653545,57.71,55.24,€167.98m,€404.33m
39,39,21.07.2020,Atalanta,1 : 0,Bologna,Завершен,italy-serie-a-2019-2020,7.34,4.53,6.53,6.0,0.1882693700217234,0.1269265639165911,57.63,52.87,€291.43m,€129.65m
40,40,20.07.2020,Juventus,2 : 1,Lazio,Завершен,italy-serie-a-2019-2020,6.26,5.95,6.18,5.74,0.14695077149155034,0.18229166666666669,58.16,50.45,€661.88m,€303.88m
41,41,19.07.2020,Roma,2 : 2,Inter,Завершен,italy-serie-a-2019-2020,5.71,6.18,7.03,6.18,0.14992503748125938,0.17170891251022077,53.03,54.21,€392.73m,€606.05m
42,42,19.07.2020,Genoa,2 : 1,Lecce,Завершен,italy-serie-a-2019-2020,4.13,4.58,4.37,4.79,0.13921113689095127,0.13888888888888887,49.37,44.58,€142.38m,€52.33m
43,43,19.07.2020,Brescia,2 : 1,SPAL,Завершен,italy-serie-a-2019-2020,3.68,3.34,4.21,4.16,0.11138613861386139,0.07179487179487179,40.05,46.55,€83.23m,€73.63m
44,44,19.07.2020,Fiorentina,2 : 0,Torino,Завершен,italy-serie-a-2019-2020,5.08,3.89,5.5,4.74,0.12404580152671756,0.13303769401330376,47.53,47.45,€302.23m,€163.55m
45,45,19.07.2020,Napoli,2 : 1,Udinese,Завершен,italy-serie-a-2019-2020,6.21,3.92,5.84,5.26,0.11976047904191618,0.10559662090813093,59.32,44.66,€548.28m,€121.08m
46,46,19.07.2020,Parma,2 : 3,Sampdoria,Завершен,italy-serie-a-2019-2020,4.11,4.66,4.39,5.13,0.15739769150052466,0.11423550087873462,43.63,42.53,€128.75m,€135.28m
47,47,18.07.2020,Milan,5 : 1,Bologna,Завершен,italy-serie-a-2019-2020,5.21,4.53,5.47,6.0,0.13385826771653545,0.1269265639165911,55.24,52.87,€404.33m,€129.65m
48,48,18.07.2020,Cagliari,1 : 1,Sassuolo,Завершен,italy-serie-a-2019-2020,4.05,5.29,4.05,5.45,0.15283842794759825,0.16869728209934395,45.37,57.71,€167.83m,€167.98m
49,49,18.07.2020,Hellas Verona,1 : 1,Atalanta,Завершен,italy-serie-a-2019-2020,4.45,7.34,5.45,6.53,0.14134275618374556,0.1882693700217234,49.68,57.63,€112.53m,€291.43m
50,50,16.07.2020,SPAL,0 : 4,Inter,Завершен,italy-serie-a-2019-2020,3.34,6.18,4.16,6.18,0.07179487179487179,0.17170891251022077,46.55,54.21,€73.63m,€606.05m
51,51,16.07.2020,Torino,3 : 0,Genoa,Завершен,italy-serie-a-2019-2020,3.89,4.13,4.74,4.37,0.13303769401330376,0.13921113689095127,47.45,49.37,€163.55m,€142.38m
52,52,15.07.2020,Lecce,1 : 3,Fiorentina,Завершен,italy-serie-a-2019-2020,4.58,5.08,4.79,5.5,0.13888888888888887,0.12404580152671756,44.58,47.53,€52.33m,€302.23m
53,53,15.07.2020,Roma,2 : 1,Hellas Verona,Завершен,italy-serie-a-2019-2020,5.71,4.45,7.03,5.45,0.14992503748125938,0.14134275618374556,53.03,49.68,€392.73m,€112.53m
54,54,15.07.2020,Sassuolo,3 : 3,Juventus,Завершен,italy-serie-a-2019-2020,5.29,6.26,5.45,6.18,0.16869728209934395,0.14695077149155034,57.71,58.16,€167.98m,€661.88m
55,55,15.07.2020,Udinese,0 : 0,Lazio,Завершен,italy-serie-a-2019-2020,3.92,5.95,5.26,5.74,0.10559662090813093,0.18229166666666669,44.66,50.45,€121.08m,€303.88m
56,56,15.07.2020,Sampdoria,3 : 0,Cagliari,Завершен,italy-serie-a-2019-2020,4.66,4.05,5.13,4.05,0.11423550087873462,0.15283842794759825,42.53,45.37,€135.28m,€167.83m
57,57,15.07.2020,Bologna,1 : 1,Napoli,Завершен,italy-serie-a-2019-2020,4.53,6.21,6.0,5.84,0.1269265639165911,0.11976047904191618,52.87,59.32,€129.65m,€548.28m
58,58,15.07.2020,Milan,3 : 1,Parma,Завершен,italy-serie-a-2019-2020,5.21,4.11,5.47,4.39,0.13385826771653545,0.15739769150052466,55.24,43.63,€404.33m,€128.75m
59,59,14.07.2020,Atalanta,6 : 2,Brescia,Завершен,italy-serie-a-2019-2020,7.34,3.68,6.53,4.21,0.1882693700217234,0.11138613861386139,57.63,40.05,€291.43m,€83.23m
60,60,13.07.2020,Inter,3 : 1,Torino,Завершен,italy-serie-a-2019-2020,6.18,3.89,6.18,4.74,0.17170891251022077,0.13303769401330376,54.21,47.45,€606.05m,€163.55m
61,61,12.07.2020,Napoli,2 : 2,Milan,Завершен,italy-serie-a-2019-2020,6.21,5.21,5.84,5.47,0.11976047904191618,0.13385826771653545,59.32,55.24,€548.28m,€404.33m
62,62,12.07.2020,Parma,2 : 2,Bologna,Завершен,italy-serie-a-2019-2020,4.11,4.53,4.39,6.0,0.15739769150052466,0.1269265639165911,43.63,52.87,€128.75m,€129.65m
63,63,12.07.2020,Fiorentina,1 : 1,Hellas Verona,Завершен,italy-serie-a-2019-2020,5.08,4.45,5.5,5.45,0.12404580152671756,0.14134275618374556,47.53,49.68,€302.23m,€112.53m
64,64,12.07.2020,Cagliari,0 : 0,Lecce,Завершен,italy-serie-a-2019-2020,4.05,4.58,4.05,4.79,0.15283842794759825,0.13888888888888887,45.37,44.58,€167.83m,€52.33m
65,65,12.07.2020,Udinese,1 : 3,Sampdoria,Завершен,italy-serie-a-2019-2020,3.92,4.66,5.26,5.13,0.10559662090813093,0.11423550087873462,44.66,42.53,€121.08m,€135.28m
66,66,12.07.2020,Genoa,2 : 0,SPAL,Завершен,italy-serie-a-2019-2020,4.13,3.34,4.37,4.16,0.13921113689095127,0.07179487179487179,49.37,46.55,€142.38m,€73.63m
67,67,11.07.2020,Juventus,2 : 2,Atalanta,Завершен,italy-serie-a-2019-2020,6.26,7.34,6.18,6.53,0.14695077149155034,0.1882693700217234,58.16,57.63,€661.88m,€291.43m
68,68,11.07.2020,Brescia,0 : 3,Roma,Завершен,italy-serie-a-2019-2020,3.68,5.71,4.21,7.03,0.11138613861386139,0.14992503748125938,40.05,53.03,€83.23m,€392.73m
69,69,11.07.2020,Lazio,1 : 2,Sassuolo,Завершен,italy-serie-a-2019-2020,5.95,5.29,5.74,5.45,0.18229166666666669,0.16869728209934395,50.45,57.71,€303.88m,€167.98m
70,70,09.07.2020,Hellas Verona,2 : 2,Inter,Завершен,italy-serie-a-2019-2020,4.45,6.18,5.45,6.18,0.14134275618374556,0.17170891251022077,49.68,54.21,€112.53m,€606.05m
71,71,09.07.2020,SPAL,0 : 3,Udinese,Завершен,italy-serie-a-2019-2020,3.34,3.92,4.16,5.26,0.07179487179487179,0.10559662090813093,46.55,44.66,€73.63m,€121.08m
72,72,08.07.2020,Torino,3 : 1,Brescia,Завершен,italy-serie-a-2019-2020,3.89,3.68,4.74,4.21,0.13303769401330376,0.11138613861386139,47.45,40.05,€163.55m,€83.23m
73,73,08.07.2020,Roma,2 : 1,Parma,Завершен,italy-serie-a-2019-2020,5.71,4.11,7.03,4.39,0.14992503748125938,0.15739769150052466,53.03,43.63,€392.73m,€128.75m
74,74,08.07.2020,Atalanta,2 : 0,Sampdoria,Завершен,italy-serie-a-2019-2020,7.34,4.66,6.53,5.13,0.1882693700217234,0.11423550087873462,57.63,42.53,€291.43m,€135.28m
75,75,08.07.2020,Bologna,1 : 2,Sassuolo,Завершен,italy-serie-a-2019-2020,4.53,5.29,6.0,5.45,0.1269265639165911,0.16869728209934395,52.87,57.71,€129.65m,€167.98m
76,76,08.07.2020,Fiorentina,0 : 0,Cagliari,Завершен,italy-serie-a-2019-2020,5.08,4.05,5.5,4.05,0.12404580152671756,0.15283842794759825,47.53,45.37,€302.23m,€167.83m
77,77,08.07.2020,Genoa,1 : 2,Napoli,Завершен,italy-serie-a-2019-2020,4.13,6.21,4.37,5.84,0.13921113689095127,0.11976047904191618,49.37,59.32,€142.38m,€548.28m
78,78,07.07.2020,Milan,4 : 2,Juventus,Завершен,italy-serie-a-2019-2020,5.21,6.26,5.47,6.18,0.13385826771653545,0.14695077149155034,55.24,58.16,€404.33m,€661.88m
79,79,07.07.2020,Lecce,2 : 1,Lazio,Завершен,italy-serie-a-2019-2020,4.58,5.95,4.79,5.74,0.13888888888888887,0.18229166666666669,44.58,50.45,€52.33m,€303.88m
80,80,05.07.2020,Napoli,2 : 1,Roma,Завершен,italy-serie-a-2019-2020,6.21,5.71,5.84,7.03,0.11976047904191618,0.14992503748125938,59.32,53.03,€548.28m,€392.73m
81,81,05.07.2020,Cagliari,0 : 1,Atalanta,Завершен,italy-serie-a-2019-2020,4.05,7.34,4.05,6.53,0.15283842794759825,0.1882693700217234,45.37,57.63,€167.83m,€291.43m
82,82,05.07.2020,Parma,1 : 2,Fiorentina,Завершен,italy-serie-a-2019-2020,4.11,5.08,4.39,5.5,0.15739769150052466,0.12404580152671756,43.63,47.53,€128.75m,€302.23m
83,83,05.07.2020,Udinese,2 : 2,Genoa,Завершен,italy-serie-a-2019-2020,3.92,4.13,5.26,4.37,0.10559662090813093,0.13921113689095127,44.66,49.37,€121.08m,€142.38m
84,84,05.07.2020,Brescia,2 : 0,Hellas Verona,Завершен,italy-serie-a-2019-2020,3.68,4.45,4.21,5.45,0.11138613861386139,0.14134275618374556,40.05,49.68,€83.23m,€112.53m
85,85,05.07.2020,Sampdoria,3 : 0,SPAL,Завершен,italy-serie-a-2019-2020,4.66,3.34,5.13,4.16,0.11423550087873462,0.07179487179487179,42.53,46.55,€135.28m,€73.63m
86,86,05.07.2020,Inter,1 : 2,Bologna,Завершен,italy-serie-a-2019-2020,6.18,4.53,6.18,6.0,0.17170891251022077,0.1269265639165911,54.21,52.87,€606.05m,€129.65m
87,87,04.07.2020,Lazio,0 : 3,Milan,Завершен,italy-serie-a-2019-2020,5.95,5.21,5.74,5.47,0.18229166666666669,0.13385826771653545,50.45,55.24,€303.88m,€404.33m
88,88,04.07.2020,Sassuolo,4 : 2,Lecce,Завершен,italy-serie-a-2019-2020,5.29,4.58,5.45,4.79,0.16869728209934395,0.13888888888888887,57.71,44.58,€167.98m,€52.33m
89,89,04.07.2020,Juventus,4 : 1,Torino,Завершен,italy-serie-a-2019-2020,6.26,3.89,6.18,4.74,0.14695077149155034,0.13303769401330376,58.16,47.45,€661.88m,€163.55m
90,90,02.07.2020,Roma,0 : 2,Udinese,Завершен,italy-serie-a-2019-2020,5.71,3.92,7.03,5.26,0.14992503748125938,0.10559662090813093,53.03,44.66,€392.73m,€121.08m
91,91,02.07.2020,Atalanta,2 : 0,Napoli,Завершен,italy-serie-a-2019-2020,7.34,6.21,6.53,5.84,0.1882693700217234,0.11976047904191618,57.63,59.32,€291.43m,€548.28m
92,92,01.07.2020,SPAL,2 : 2,Milan,Завершен,italy-serie-a-2019-2020,3.34,5.21,4.16,5.47,0.07179487179487179,0.13385826771653545,46.55,55.24,€73.63m,€404.33m
93,93,01.07.2020,Hellas Verona,3 : 2,Parma,Завершен,italy-serie-a-2019-2020,4.45,4.11,5.45,4.39,0.14134275618374556,0.15739769150052466,49.68,43.63,€112.53m,€128.75m
94,94,01.07.2020,Lecce,1 : 2,Sampdoria,Завершен,italy-serie-a-2019-2020,4.58,4.66,4.79,5.13,0.13888888888888887,0.11423550087873462,44.58,42.53,€52.33m,€135.28m
95,95,01.07.2020,Fiorentina,1 : 3,Sassuolo,Завершен,italy-serie-a-2019-2020,5.08,5.29,5.5,5.45,0.12404580152671756,0.16869728209934395,47.53,57.71,€302.23m,€167.98m
96,96,01.07.2020,Inter,6 : 0,Brescia,Завершен,italy-serie-a-2019-2020,6.18,3.68,6.18,4.21,0.17170891251022077,0.11138613861386139,54.21,40.05,€606.05m,€83.23m
97,97,01.07.2020,Bologna,1 : 1,Cagliari,Завершен,italy-serie-a-2019-2020,4.53,4.05,6.0,4.05,0.1269265639165911,0.15283842794759825,52.87,45.37,€129.65m,€167.83m
98,98,30.06.2020,Genoa,1 : 3,Juventus,Завершен,italy-serie-a-2019-2020,4.13,6.26,4.37,6.18,0.13921113689095127,0.14695077149155034,49.37,58.16,€142.38m,€661.88m
99,99,30.06.2020,Torino,1 : 2,Lazio,Завершен,italy-serie-a-2019-2020,3.89,5.95,4.74,5.74,0.13303769401330376,0.18229166666666669,47.45,50.45,€163.55m,€303.88m
100,100,28.06.2020,Parma,1 : 2,Inter,Завершен,italy-serie-a-2019-2020,4.11,6.18,4.39,6.18,0.15739769150052466,0.17170891251022077,43.63,54.21,€128.75m,€606.05m
101,101,28.06.2020,Udinese,2 : 3,Atalanta,Завершен,italy-serie-a-2019-2020,3.92,7.34,5.26,6.53,0.10559662090813093,0.1882693700217234,44.66,57.63,€121.08m,€291.43m
102,102,28.06.2020,Sampdoria,1 : 2,Bologna,Завершен,italy-serie-a-2019-2020,4.66,4.53,5.13,6.0,0.11423550087873462,0.1269265639165911,42.53,52.87,€135.28m,€129.65m
103,103,28.06.2020,Sassuolo,3 : 3,Hellas Verona,Завершен,italy-serie-a-2019-2020,5.29,4.45,5.45,5.45,0.16869728209934395,0.14134275618374556,57.71,49.68,€167.98m,€112.53m
104,104,28.06.2020,Napoli,3 : 1,SPAL,Завершен,italy-serie-a-2019-2020,6.21,3.34,5.84,4.16,0.11976047904191618,0.07179487179487179,59.32,46.55,€548.28m,€73.63m
105,105,28.06.2020,Milan,2 : 0,Roma,Завершен,italy-serie-a-2019-2020,5.21,5.71,5.47,7.03,0.13385826771653545,0.14992503748125938,55.24,53.03,€404.33m,€392.73m
106,106,27.06.2020,Lazio,2 : 1,Fiorentina,Завершен,italy-serie-a-2019-2020,5.95,5.08,5.74,5.5,0.18229166666666669,0.12404580152671756,50.45,47.53,€303.88m,€302.23m
107,107,27.06.2020,Cagliari,4 : 2,Torino,Завершен,italy-serie-a-2019-2020,4.05,3.89,4.05,4.74,0.15283842794759825,0.13303769401330376,45.37,47.45,€167.83m,€163.55m
108,108,27.06.2020,Brescia,2 : 2,Genoa,Завершен,italy-serie-a-2019-2020,3.68,4.13,4.21,4.37,0.11138613861386139,0.13921113689095127,40.05,49.37,€83.23m,€142.38m
109,109,26.06.2020,Juventus,4 : 0,Lecce,Завершен,italy-serie-a-2019-2020,6.26,4.58,6.18,4.79,0.14695077149155034,0.13888888888888887,58.16,44.58,€661.88m,€52.33m
110,110,24.06.2020,Atalanta,3 : 2,Lazio,Завершен,italy-serie-a-2019-2020,7.34,5.95,6.53,5.74,0.1882693700217234,0.18229166666666669,57.63,50.45,€291.43m,€303.88m
111,111,24.06.2020,Roma,2 : 1,Sampdoria,Завершен,italy-serie-a-2019-2020,5.71,4.66,7.03,5.13,0.14992503748125938,0.11423550087873462,53.03,42.53,€392.73m,€135.28m
112,112,24.06.2020,Inter,3 : 3,Sassuolo,Завершен,italy-serie-a-2019-2020,6.18,5.29,6.18,5.45,0.17170891251022077,0.16869728209934395,54.21,57.71,€606.05m,€167.98m
113,113,23.06.2020,Genoa,1 : 4,Parma,Завершен,italy-serie-a-2019-2020,4.13,4.11,4.37,4.39,0.13921113689095127,0.15739769150052466,49.37,43.63,€142.38m,€128.75m
114,114,23.06.2020,Torino,1 : 0,Udinese,Завершен,italy-serie-a-2019-2020,3.89,3.92,4.74,5.26,0.13303769401330376,0.10559662090813093,47.45,44.66,€163.55m,€121.08m
115,115,23.06.2020,SPAL,0 : 1,Cagliari,Завершен,italy-serie-a-2019-2020,3.34,4.05,4.16,4.05,0.07179487179487179,0.15283842794759825,46.55,45.37,€73.63m,€167.83m
116,116,23.06.2020,Hellas Verona,0 : 2,Napoli,Завершен,italy-serie-a-2019-2020,4.45,6.21,5.45,5.84,0.14134275618374556,0.11976047904191618,49.68,59.32,€112.53m,€548.28m
117,117,22.06.2020,Bologna,0 : 2,Juventus,Завершен,italy-serie-a-2019-2020,4.53,6.26,6.0,6.18,0.1269265639165911,0.14695077149155034,52.87,58.16,€129.65m,€661.88m
118,118,22.06.2020,Fiorentina,1 : 1,Brescia,Завершен,italy-serie-a-2019-2020,5.08,3.68,5.5,4.21,0.12404580152671756,0.11138613861386139,47.53,40.05,€302.23m,€83.23m
119,119,22.06.2020,Lecce,1 : 4,Milan,Завершен,italy-serie-a-2019-2020,4.58,5.21,4.79,5.47,0.13888888888888887,0.13385826771653545,44.58,55.24,€52.33m,€404.33m
120,120,09.03.2020,Sassuolo,3 : 0,Brescia,Завершен,italy-serie-a-2019-2020,5.29,3.68,5.45,4.21,0.16869728209934395,0.11138613861386139,57.71,40.05,€167.98m,€83.23m
121,121,08.03.2020,Juventus,2 : 0,Inter,Завершен,italy-serie-a-2019-2020,6.26,6.18,6.18,6.18,0.14695077149155034,0.17170891251022077,58.16,54.21,€661.88m,€606.05m
122,122,08.03.2020,Udinese,0 : 0,Fiorentina,Завершен,italy-serie-a-2019-2020,3.92,5.08,5.26,5.5,0.10559662090813093,0.12404580152671756,44.66,47.53,€121.08m,€302.23m
123,123,08.03.2020,Milan,1 : 2,Genoa,Завершен,italy-serie-a-2019-2020,5.21,4.13,5.47,4.37,0.13385826771653545,0.13921113689095127,55.24,49.37,€404.33m,€142.38m
124,124,08.03.2020,Sampdoria,2 : 1,Hellas Verona,Завершен,italy-serie-a-2019-2020,4.66,4.45,5.13,5.45,0.11423550087873462,0.14134275618374556,42.53,49.68,€135.28m,€112.53m
125,125,08.03.2020,Parma,0 : 1,SPAL,Завершен,italy-serie-a-2019-2020,4.11,3.34,4.39,4.16,0.15739769150052466,0.07179487179487179,43.63,46.55,€128.75m,€73.63m
126,126,01.03.2020,Cagliari,3 : 4,Roma,Завершен,italy-serie-a-2019-2020,4.05,5.71,4.05,7.03,0.15283842794759825,0.14992503748125938,45.37,53.03,€167.83m,€392.73m
127,127,01.03.2020,Lecce,2 : 7,Atalanta,Завершен,italy-serie-a-2019-2020,4.58,7.34,4.79,6.53,0.13888888888888887,0.1882693700217234,44.58,57.63,€52.33m,€291.43m
128,128,29.02.2020,Napoli,2 : 1,Torino,Завершен,italy-serie-a-2019-2020,6.21,3.89,5.84,4.74,0.11976047904191618,0.13303769401330376,59.32,47.45,€548.28m,€163.55m
129,129,29.02.2020,Lazio,2 : 0,Bologna,Завершен,italy-serie-a-2019-2020,5.95,4.53,5.74,6.0,0.18229166666666669,0.1269265639165911,50.45,52.87,€303.88m,€129.65m
130,130,21.06.2020,Inter,2 : 1,Sampdoria,Завершен,italy-serie-a-2019-2020,6.18,4.66,6.18,5.13,0.17170891251022077,0.11423550087873462,54.21,42.53,€606.05m,€135.28m
131,131,21.06.2020,Atalanta,4 : 1,Sassuolo,Завершен,italy-serie-a-2019-2020,7.34,5.29,6.53,5.45,0.1882693700217234,0.16869728209934395,57.63,57.71,€291.43m,€167.98m
132,132,20.06.2020,Hellas Verona,2 : 1,Cagliari,Завершен,italy-serie-a-2019-2020,4.45,4.05,5.45,4.05,0.14134275618374556,0.15283842794759825,49.68,45.37,€112.53m,€167.83m
133,133,20.06.2020,Torino,1 : 1,Parma,Завершен,italy-serie-a-2019-2020,3.89,4.11,4.74,4.39,0.13303769401330376,0.15739769150052466,47.45,43.63,€163.55m,€128.75m
134,134,23.02.2020,Roma,4 : 0,Lecce,Завершен,italy-serie-a-2019-2020,5.71,4.58,7.03,4.79,0.14992503748125938,0.13888888888888887,53.03,44.58,€392.73m,€52.33m
135,135,23.02.2020,Genoa,2 : 3,Lazio,Завершен,italy-serie-a-2019-2020,4.13,5.95,4.37,5.74,0.13921113689095127,0.18229166666666669,49.37,50.45,€142.38m,€303.88m
136,136,22.02.2020,Fiorentina,1 : 1,Milan,Завершен,italy-serie-a-2019-2020,5.08,5.21,5.5,5.47,0.12404580152671756,0.13385826771653545,47.53,55.24,€302.23m,€404.33m
137,137,22.02.2020,SPAL,1 : 2,Juventus,Завершен,italy-serie-a-2019-2020,3.34,6.26,4.16,6.18,0.07179487179487179,0.14695077149155034,46.55,58.16,€73.63m,€661.88m
138,138,22.02.2020,Bologna,1 : 1,Udinese,Завершен,italy-serie-a-2019-2020,4.53,3.92,6.0,5.26,0.1269265639165911,0.10559662090813093,52.87,44.66,€129.65m,€121.08m
139,139,21.02.2020,Brescia,1 : 2,Napoli,Завершен,italy-serie-a-2019-2020,3.68,6.21,4.21,5.84,0.11138613861386139,0.11976047904191618,40.05,59.32,€83.23m,€548.28m
140,140,17.02.2020,Milan,1 : 0,Torino,Завершен,italy-serie-a-2019-2020,5.21,3.89,5.47,4.74,0.13385826771653545,0.13303769401330376,55.24,47.45,€404.33m,€163.55m
141,141,16.02.2020,Lazio,2 : 1,Inter,Завершен,italy-serie-a-2019-2020,5.95,6.18,5.74,6.18,0.18229166666666669,0.17170891251022077,50.45,54.21,€303.88m,€606.05m
142,142,16.02.2020,Cagliari,0 : 1,Napoli,Завершен,italy-serie-a-2019-2020,4.05,6.21,4.05,5.84,0.15283842794759825,0.11976047904191618,45.37,59.32,€167.83m,€548.28m
143,143,16.02.2020,Juventus,2 : 0,Brescia,Завершен,italy-serie-a-2019-2020,6.26,3.68,6.18,4.21,0.14695077149155034,0.11138613861386139,58.16,40.05,€661.88m,€83.23m
144,144,16.02.2020,Sampdoria,1 : 5,Fiorentina,Завершен,italy-serie-a-2019-2020,4.66,5.08,5.13,5.5,0.11423550087873462,0.12404580152671756,42.53,47.53,€135.28m,€302.23m
145,145,16.02.2020,Sassuolo,0 : 1,Parma,Завершен,italy-serie-a-2019-2020,5.29,4.11,5.45,4.39,0.16869728209934395,0.15739769150052466,57.71,43.63,€167.98m,€128.75m
146,146,16.02.2020,Udinese,0 : 0,Hellas Verona,Завершен,italy-serie-a-2019-2020,3.92,4.45,5.26,5.45,0.10559662090813093,0.14134275618374556,44.66,49.68,€121.08m,€112.53m
147,147,15.02.2020,Atalanta,2 : 1,Roma,Завершен,italy-serie-a-2019-2020,7.34,5.71,6.53,7.03,0.1882693700217234,0.14992503748125938,57.63,53.03,€291.43m,€392.73m
148,148,15.02.2020,Bologna,0 : 3,Genoa,Завершен,italy-serie-a-2019-2020,4.53,4.13,6.0,4.37,0.1269265639165911,0.13921113689095127,52.87,49.37,€129.65m,€142.38m
149,149,15.02.2020,Lecce,2 : 1,SPAL,Завершен,italy-serie-a-2019-2020,4.58,3.34,4.79,4.16,0.13888888888888887,0.07179487179487179,44.58,46.55,€52.33m,€73.63m
150,150,09.02.2020,Inter,4 : 2,Milan,Завершен,italy-serie-a-2019-2020,6.18,5.21,6.18,5.47,0.17170891251022077,0.13385826771653545,54.21,55.24,€606.05m,€404.33m
151,151,09.02.2020,Parma,0 : 1,Lazio,Завершен,italy-serie-a-2019-2020,4.11,5.95,4.39,5.74,0.15739769150052466,0.18229166666666669,43.63,50.45,€128.75m,€303.88m
152,152,09.02.2020,Genoa,1 : 0,Cagliari,Завершен,italy-serie-a-2019-2020,4.13,4.05,4.37,4.05,0.13921113689095127,0.15283842794759825,49.37,45.37,€142.38m,€167.83m
153,153,09.02.2020,Napoli,2 : 3,Lecce,Завершен,italy-serie-a-2019-2020,6.21,4.58,5.84,4.79,0.11976047904191618,0.13888888888888887,59.32,44.58,€548.28m,€52.33m
154,154,09.02.2020,Brescia,1 : 1,Udinese,Завершен,italy-serie-a-2019-2020,3.68,3.92,4.21,5.26,0.11138613861386139,0.10559662090813093,40.05,44.66,€83.23m,€121.08m
155,155,09.02.2020,SPAL,1 : 2,Sassuolo,Завершен,italy-serie-a-2019-2020,3.34,5.29,4.16,5.45,0.07179487179487179,0.16869728209934395,46.55,57.71,€73.63m,€167.98m
156,156,08.02.2020,Hellas Verona,2 : 1,Juventus,Завершен,italy-serie-a-2019-2020,4.45,6.26,5.45,6.18,0.14134275618374556,0.14695077149155034,49.68,58.16,€112.53m,€661.88m
157,157,08.02.2020,Torino,1 : 3,Sampdoria,Завершен,italy-serie-a-2019-2020,3.89,4.66,4.74,5.13,0.13303769401330376,0.11423550087873462,47.45,42.53,€163.55m,€135.28m
158,158,08.02.2020,Fiorentina,1 : 2,Atalanta,Завершен,italy-serie-a-2019-2020,5.08,7.34,5.5,6.53,0.12404580152671756,0.1882693700217234,47.53,57.63,€302.23m,€291.43m
159,159,07.02.2020,Roma,2 : 3,Bologna,Завершен,italy-serie-a-2019-2020,5.71,4.53,7.03,6.0,0.14992503748125938,0.1269265639165911,53.03,52.87,€392.73m,€129.65m
160,160,03.02.2020,Sampdoria,2 : 4,Napoli,Завершен,italy-serie-a-2019-2020,4.66,6.21,5.13,5.84,0.11423550087873462,0.11976047904191618,42.53,59.32,€135.28m,€548.28m
161,161,02.02.2020,Udinese,0 : 2,Inter,Завершен,italy-serie-a-2019-2020,3.92,6.18,5.26,6.18,0.10559662090813093,0.17170891251022077,44.66,54.21,€121.08m,€606.05m
162,162,02.02.2020,Lecce,4 : 0,Torino,Завершен,italy-serie-a-2019-2020,4.58,3.89,4.79,4.74,0.13888888888888887,0.13303769401330376,44.58,47.45,€52.33m,€163.55m
163,163,02.02.2020,Atalanta,2 : 2,Genoa,Завершен,italy-serie-a-2019-2020,7.34,4.13,6.53,4.37,0.1882693700217234,0.13921113689095127,57.63,49.37,€291.43m,€142.38m
164,164,02.02.2020,Milan,1 : 1,Hellas Verona,Завершен,italy-serie-a-2019-2020,5.21,4.45,5.47,5.45,0.13385826771653545,0.14134275618374556,55.24,49.68,€404.33m,€112.53m
165,165,02.02.2020,Lazio,5 : 1,SPAL,Завершен,italy-serie-a-2019-2020,5.95,3.34,5.74,4.16,0.18229166666666669,0.07179487179487179,50.45,46.55,€303.88m,€73.63m
166,166,02.02.2020,Juventus,3 : 0,Fiorentina,Завершен,italy-serie-a-2019-2020,6.26,5.08,6.18,5.5,0.14695077149155034,0.12404580152671756,58.16,47.53,€661.88m,€302.23m
167,167,01.02.2020,Sassuolo,4 : 2,Roma,Завершен,italy-serie-a-2019-2020,5.29,5.71,5.45,7.03,0.16869728209934395,0.14992503748125938,57.71,53.03,€167.98m,€392.73m
168,168,01.02.2020,Cagliari,2 : 2,Parma,Завершен,italy-serie-a-2019-2020,4.05,4.11,4.05,4.39,0.15283842794759825,0.15739769150052466,45.37,43.63,€167.83m,€128.75m
169,169,01.02.2020,Bologna,2 : 1,Brescia,Завершен,italy-serie-a-2019-2020,4.53,3.68,6.0,4.21,0.1269265639165911,0.11138613861386139,52.87,40.05,€129.65m,€83.23m
170,170,26.01.2020,Napoli,2 : 1,Juventus,Завершен,italy-serie-a-2019-2020,6.21,6.26,5.84,6.18,0.11976047904191618,0.14695077149155034,59.32,58.16,€548.28m,€661.88m
171,171,26.01.2020,Roma,1 : 1,Lazio,Завершен,italy-serie-a-2019-2020,5.71,5.95,7.03,5.74,0.14992503748125938,0.18229166666666669,53.03,50.45,€392.73m,€303.88m
172,172,26.01.2020,Hellas Verona,3 : 0,Lecce,Завершен,italy-serie-a-2019-2020,4.45,4.58,5.45,4.79,0.14134275618374556,0.13888888888888887,49.68,44.58,€112.53m,€52.33m
173,173,26.01.2020,Sampdoria,0 : 0,Sassuolo,Завершен,italy-serie-a-2019-2020,4.66,5.29,5.13,5.45,0.11423550087873462,0.16869728209934395,42.53,57.71,€135.28m,€167.98m
174,174,26.01.2020,Parma,2 : 0,Udinese,Завершен,italy-serie-a-2019-2020,4.11,3.92,4.39,5.26,0.15739769150052466,0.10559662090813093,43.63,44.66,€128.75m,€121.08m
175,175,26.01.2020,Inter,1 : 1,Cagliari,Завершен,italy-serie-a-2019-2020,6.18,4.05,6.18,4.05,0.17170891251022077,0.15283842794759825,54.21,45.37,€606.05m,€167.83m
176,176,25.01.2020,Torino,0 : 7,Atalanta,Завершен,italy-serie-a-2019-2020,3.89,7.34,4.74,6.53,0.13303769401330376,0.1882693700217234,47.45,57.63,€163.55m,€291.43m
177,177,25.01.2020,Fiorentina,0 : 0,Genoa,Завершен,italy-serie-a-2019-2020,5.08,4.13,5.5,4.37,0.12404580152671756,0.13921113689095127,47.53,49.37,€302.23m,€142.38m
178,178,25.01.2020,SPAL,1 : 3,Bologna,Завершен,italy-serie-a-2019-2020,3.34,4.53,4.16,6.0,0.07179487179487179,0.1269265639165911,46.55,52.87,€73.63m,€129.65m
179,179,24.01.2020,Brescia,0 : 1,Milan,Завершен,italy-serie-a-2019-2020,3.68,5.21,4.21,5.47,0.11138613861386139,0.13385826771653545,40.05,55.24,€83.23m,€404.33m
180,180,20.01.2020,Atalanta,1 : 2,SPAL,Завершен,italy-serie-a-2019-2020,7.34,3.34,6.53,4.16,0.1882693700217234,0.07179487179487179,57.63,46.55,€291.43m,€73.63m
181,181,19.01.2020,Juventus,2 : 1,Parma,Завершен,italy-serie-a-2019-2020,6.26,4.11,6.18,4.39,0.14695077149155034,0.15739769150052466,58.16,43.63,€661.88m,€128.75m
182,182,19.01.2020,Genoa,1 : 3,Roma,Завершен,italy-serie-a-2019-2020,4.13,5.71,4.37,7.03,0.13921113689095127,0.14992503748125938,49.37,53.03,€142.38m,€392.73m
183,183,19.01.2020,Brescia,2 : 2,Cagliari,Завершен,italy-serie-a-2019-2020,3.68,4.05,4.21,4.05,0.11138613861386139,0.15283842794759825,40.05,45.37,€83.23m,€167.83m
184,184,19.01.2020,Bologna,1 : 1,Hellas Verona,Завершен,italy-serie-a-2019-2020,4.53,4.45,6.0,5.45,0.1269265639165911,0.14134275618374556,52.87,49.68,€129.65m,€112.53m
185,185,19.01.2020,Lecce,1 : 1,Inter,Завершен,italy-serie-a-2019-2020,4.58,6.18,4.79,6.18,0.13888888888888887,0.17170891251022077,44.58,54.21,€52.33m,€606.05m
186,186,19.01.2020,Milan,3 : 2,Udinese,Завершен,italy-serie-a-2019-2020,5.21,3.92,5.47,5.26,0.13385826771653545,0.10559662090813093,55.24,44.66,€404.33m,€121.08m
187,187,18.01.2020,Napoli,0 : 2,Fiorentina,Завершен,italy-serie-a-2019-2020,6.21,5.08,5.84,5.5,0.11976047904191618,0.12404580152671756,59.32,47.53,€548.28m,€302.23m
188,188,18.01.2020,Sassuolo,2 : 1,Torino,Завершен,italy-serie-a-2019-2020,5.29,3.89,5.45,4.74,0.16869728209934395,0.13303769401330376,57.71,47.45,€167.98m,€163.55m
189,189,18.01.2020,Lazio,5 : 1,Sampdoria,Завершен,italy-serie-a-2019-2020,5.95,4.66,5.74,5.13,0.18229166666666669,0.11423550087873462,50.45,42.53,€303.88m,€135.28m
190,190,13.01.2020,Parma,2 : 0,Lecce,Завершен,italy-serie-a-2019-2020,4.11,4.58,4.39,4.79,0.15739769150052466,0.13888888888888887,43.63,44.58,€128.75m,€52.33m
191,191,12.01.2020,Roma,1 : 2,Juventus,Завершен,italy-serie-a-2019-2020,5.71,6.26,7.03,6.18,0.14992503748125938,0.14695077149155034,53.03,58.16,€392.73m,€661.88m
192,192,12.01.2020,Hellas Verona,2 : 1,Genoa,Завершен,italy-serie-a-2019-2020,4.45,4.13,5.45,4.37,0.14134275618374556,0.13921113689095127,49.68,49.37,€112.53m,€142.38m
193,193,12.01.2020,Fiorentina,1 : 0,SPAL,Завершен,italy-serie-a-2019-2020,5.08,3.34,5.5,4.16,0.12404580152671756,0.07179487179487179,47.53,46.55,€302.23m,€73.63m
194,194,12.01.2020,Sampdoria,5 : 1,Brescia,Завершен,italy-serie-a-2019-2020,4.66,3.68,5.13,4.21,0.11423550087873462,0.11138613861386139,42.53,40.05,€135.28m,€83.23m
195,195,12.01.2020,Torino,1 : 0,Bologna,Завершен,italy-serie-a-2019-2020,3.89,4.53,4.74,6.0,0.13303769401330376,0.1269265639165911,47.45,52.87,€163.55m,€129.65m
196,196,12.01.2020,Udinese,3 : 0,Sassuolo,Завершен,italy-serie-a-2019-2020,3.92,5.29,5.26,5.45,0.10559662090813093,0.16869728209934395,44.66,57.71,€121.08m,€167.98m
197,197,11.01.2020,Inter,1 : 1,Atalanta,Завершен,italy-serie-a-2019-2020,6.18,7.34,6.18,6.53,0.17170891251022077,0.1882693700217234,54.21,57.63,€606.05m,€291.43m
198,198,11.01.2020,Lazio,1 : 0,Napoli,Завершен,italy-serie-a-2019-2020,5.95,6.21,5.74,5.84,0.18229166666666669,0.11976047904191618,50.45,59.32,€303.88m,€548.28m
199,199,11.01.2020,Cagliari,0 : 2,Milan,Завершен,italy-serie-a-2019-2020,4.05,5.21,4.05,5.47,0.15283842794759825,0.13385826771653545,45.37,55.24,€167.83m,€404.33m
200,200,06.01.2020,Napoli,1 : 3,Inter,Завершен,italy-serie-a-2019-2020,6.21,6.18,5.84,6.18,0.11976047904191618,0.17170891251022077,59.32,54.21,€548.28m,€606.05m
201,201,06.01.2020,Lecce,0 : 1,Udinese,Завершен,italy-serie-a-2019-2020,4.58,3.92,4.79,5.26,0.13888888888888887,0.10559662090813093,44.58,44.66,€52.33m,€121.08m
202,202,06.01.2020,Atalanta,5 : 0,Parma,Завершен,italy-serie-a-2019-2020,7.34,4.11,6.53,4.39,0.1882693700217234,0.15739769150052466,57.63,43.63,€291.43m,€128.75m
203,203,06.01.2020,Juventus,4 : 0,Cagliari,Завершен,italy-serie-a-2019-2020,6.26,4.05,6.18,4.05,0.14695077149155034,0.15283842794759825,58.16,45.37,€661.88m,€167.83m
204,204,06.01.2020,Milan,0 : 0,Sampdoria,Завершен,italy-serie-a-2019-2020,5.21,4.66,5.47,5.13,0.13385826771653545,0.11423550087873462,55.24,42.53,€404.33m,€135.28m
205,205,06.01.2020,Bologna,1 : 1,Fiorentina,Завершен,italy-serie-a-2019-2020,4.53,5.08,6.0,5.5,0.1269265639165911,0.12404580152671756,52.87,47.53,€129.65m,€302.23m
206,206,05.01.2020,Roma,0 : 2,Torino,Завершен,italy-serie-a-2019-2020,5.71,3.89,7.03,4.74,0.14992503748125938,0.13303769401330376,53.03,47.45,€392.73m,€163.55m
207,207,05.01.2020,Genoa,2 : 1,Sassuolo,Завершен,italy-serie-a-2019-2020,4.13,5.29,4.37,5.45,0.13921113689095127,0.16869728209934395,49.37,57.71,€142.38m,€167.98m
208,208,05.01.2020,SPAL,0 : 2,Hellas Verona,Завершен,italy-serie-a-2019-2020,3.34,4.45,4.16,5.45,0.07179487179487179,0.14134275618374556,46.55,49.68,€73.63m,€112.53m
209,209,05.01.2020,Brescia,1 : 2,Lazio,Завершен,italy-serie-a-2019-2020,3.68,5.95,4.21,5.74,0.11138613861386139,0.18229166666666669,40.05,50.45,€83.23m,€303.88m
210,210,05.02.2020,Lazio,0 : 0,Hellas Verona,Завершен,italy-serie-a-2019-2020,5.95,4.45,5.74,5.45,0.18229166666666669,0.14134275618374556,50.45,49.68,€303.88m,€112.53m
211,211,22.12.2019,Sassuolo,1 : 2,Napoli,Завершен,italy-serie-a-2019-2020,5.29,6.21,5.45,5.84,0.16869728209934395,0.11976047904191618,57.71,59.32,€167.98m,€548.28m
212,212,22.12.2019,Lecce,2 : 3,Bologna,Завершен,italy-serie-a-2019-2020,4.58,4.53,4.79,6.0,0.13888888888888887,0.1269265639165911,44.58,52.87,€52.33m,€129.65m
213,213,22.12.2019,Parma,1 : 1,Brescia,Завершен,italy-serie-a-2019-2020,4.11,3.68,4.39,4.21,0.15739769150052466,0.11138613861386139,43.63,40.05,€128.75m,€83.23m
214,214,22.12.2019,Atalanta,5 : 0,Milan,Завершен,italy-serie-a-2019-2020,7.34,5.21,6.53,5.47,0.1882693700217234,0.13385826771653545,57.63,55.24,€291.43m,€404.33m
215,215,21.12.2019,Torino,1 : 2,SPAL,Завершен,italy-serie-a-2019-2020,3.89,3.34,4.74,4.16,0.13303769401330376,0.07179487179487179,47.45,46.55,€163.55m,€73.63m
216,216,21.12.2019,Inter,4 : 0,Genoa,Завершен,italy-serie-a-2019-2020,6.18,4.13,6.18,4.37,0.17170891251022077,0.13921113689095127,54.21,49.37,€606.05m,€142.38m
217,217,21.12.2019,Udinese,2 : 1,Cagliari,Завершен,italy-serie-a-2019-2020,3.92,4.05,5.26,4.05,0.10559662090813093,0.15283842794759825,44.66,45.37,€121.08m,€167.83m
218,218,20.12.2019,Fiorentina,1 : 4,Roma,Завершен,italy-serie-a-2019-2020,5.08,5.71,5.5,7.03,0.12404580152671756,0.14992503748125938,47.53,53.03,€302.23m,€392.73m
219,219,18.12.2019,Sampdoria,1 : 2,Juventus,Завершен,italy-serie-a-2019-2020,4.66,6.26,5.13,6.18,0.11423550087873462,0.14695077149155034,42.53,58.16,€135.28m,€661.88m
220,220,16.12.2019,Cagliari,1 : 2,Lazio,Завершен,italy-serie-a-2019-2020,4.05,5.95,4.05,5.74,0.15283842794759825,0.18229166666666669,45.37,50.45,€167.83m,€303.88m
221,221,15.12.2019,Fiorentina,1 : 1,Inter,Завершен,italy-serie-a-2019-2020,5.08,6.18,5.5,6.18,0.12404580152671756,0.17170891251022077,47.53,54.21,€302.23m,€606.05m
222,222,15.12.2019,Roma,3 : 1,SPAL,Завершен,italy-serie-a-2019-2020,5.71,3.34,7.03,4.16,0.14992503748125938,0.07179487179487179,53.03,46.55,€392.73m,€73.63m
223,223,15.12.2019,Bologna,2 : 1,Atalanta,Завершен,italy-serie-a-2019-2020,4.53,7.34,6.0,6.53,0.1269265639165911,0.1882693700217234,52.87,57.63,€129.65m,€291.43m
224,224,15.12.2019,Juventus,3 : 1,Udinese,Завершен,italy-serie-a-2019-2020,6.26,3.92,6.18,5.26,0.14695077149155034,0.10559662090813093,58.16,44.66,€661.88m,€121.08m
225,225,15.12.2019,Milan,0 : 0,Sassuolo,Завершен,italy-serie-a-2019-2020,5.21,5.29,5.47,5.45,0.13385826771653545,0.16869728209934395,55.24,57.71,€404.33m,€167.98m
226,226,15.12.2019,Hellas Verona,3 : 3,Torino,Завершен,italy-serie-a-2019-2020,4.45,3.89,5.45,4.74,0.14134275618374556,0.13303769401330376,49.68,47.45,€112.53m,€163.55m
227,227,14.12.2019,Genoa,0 : 1,Sampdoria,Завершен,italy-serie-a-2019-2020,4.13,4.66,4.37,5.13,0.13921113689095127,0.11423550087873462,49.37,42.53,€142.38m,€135.28m
228,228,14.12.2019,Napoli,1 : 2,Parma,Завершен,italy-serie-a-2019-2020,6.21,4.11,5.84,4.39,0.11976047904191618,0.15739769150052466,59.32,43.63,€548.28m,€128.75m
229,229,14.12.2019,Brescia,3 : 0,Lecce,Завершен,italy-serie-a-2019-2020,3.68,4.58,4.21,4.79,0.11138613861386139,0.13888888888888887,40.05,44.58,€83.23m,€52.33m
230,230,08.12.2019,Bologna,2 : 3,Milan,Завершен,italy-serie-a-2019-2020,4.53,5.21,6.0,5.47,0.1269265639165911,0.13385826771653545,52.87,55.24,€129.65m,€404.33m
231,231,08.12.2019,Sampdoria,0 : 1,Parma,Завершен,italy-serie-a-2019-2020,4.66,4.11,5.13,4.39,0.11423550087873462,0.15739769150052466,42.53,43.63,€135.28m,€128.75m
232,232,08.12.2019,Sassuolo,2 : 2,Cagliari,Завершен,italy-serie-a-2019-2020,5.29,4.05,5.45,4.05,0.16869728209934395,0.15283842794759825,57.71,45.37,€167.98m,€167.83m
233,233,08.12.2019,SPAL,0 : 1,Brescia,Завершен,italy-serie-a-2019-2020,3.34,3.68,4.16,4.21,0.07179487179487179,0.11138613861386139,46.55,40.05,€73.63m,€83.23m
234,234,08.12.2019,Torino,2 : 1,Fiorentina,Завершен,italy-serie-a-2019-2020,3.89,5.08,4.74,5.5,0.13303769401330376,0.12404580152671756,47.45,47.53,€163.55m,€302.23m
235,235,08.12.2019,Lecce,2 : 2,Genoa,Завершен,italy-serie-a-2019-2020,4.58,4.13,4.79,4.37,0.13888888888888887,0.13921113689095127,44.58,49.37,€52.33m,€142.38m
236,236,07.12.2019,Lazio,3 : 1,Juventus,Завершен,italy-serie-a-2019-2020,5.95,6.26,5.74,6.18,0.18229166666666669,0.14695077149155034,50.45,58.16,€303.88m,€661.88m
237,237,07.12.2019,Udinese,1 : 1,Napoli,Завершен,italy-serie-a-2019-2020,3.92,6.21,5.26,5.84,0.10559662090813093,0.11976047904191618,44.66,59.32,€121.08m,€548.28m
238,238,07.12.2019,Atalanta,3 : 2,Hellas Verona,Завершен,italy-serie-a-2019-2020,7.34,4.45,6.53,5.45,0.1882693700217234,0.14134275618374556,57.63,49.68,€291.43m,€112.53m
239,239,06.12.2019,Inter,0 : 0,Roma,Завершен,italy-serie-a-2019-2020,6.18,5.71,6.18,7.03,0.17170891251022077,0.14992503748125938,54.21,53.03,€606.05m,€392.73m
240,240,02.12.2019,Cagliari,4 : 3,Sampdoria,Завершен,italy-serie-a-2019-2020,4.05,4.66,4.05,5.13,0.15283842794759825,0.11423550087873462,45.37,42.53,€167.83m,€135.28m
241,241,01.12.2019,Hellas Verona,1 : 3,Roma,Завершен,italy-serie-a-2019-2020,4.45,5.71,5.45,7.03,0.14134275618374556,0.14992503748125938,49.68,53.03,€112.53m,€392.73m
242,242,01.12.2019,Napoli,1 : 2,Bologna,Завершен,italy-serie-a-2019-2020,6.21,4.53,5.84,6.0,0.11976047904191618,0.1269265639165911,59.32,52.87,€548.28m,€129.65m
243,243,01.12.2019,Inter,2 : 1,SPAL,Завершен,italy-serie-a-2019-2020,6.18,3.34,6.18,4.16,0.17170891251022077,0.07179487179487179,54.21,46.55,€606.05m,€73.63m
244,244,01.12.2019,Lazio,3 : 0,Udinese,Завершен,italy-serie-a-2019-2020,5.95,3.92,5.74,5.26,0.18229166666666669,0.10559662090813093,50.45,44.66,€303.88m,€121.08m
245,245,01.12.2019,Parma,0 : 1,Milan,Завершен,italy-serie-a-2019-2020,4.11,5.21,4.39,5.47,0.15739769150052466,0.13385826771653545,43.63,55.24,€128.75m,€404.33m
246,246,01.12.2019,Juventus,2 : 2,Sassuolo,Завершен,italy-serie-a-2019-2020,6.26,5.29,6.18,5.45,0.14695077149155034,0.16869728209934395,58.16,57.71,€661.88m,€167.98m
247,247,30.11.2019,Fiorentina,0 : 1,Lecce,Завершен,italy-serie-a-2019-2020,5.08,4.58,5.5,4.79,0.12404580152671756,0.13888888888888887,47.53,44.58,€302.23m,€52.33m
248,248,30.11.2019,Genoa,0 : 1,Torino,Завершен,italy-serie-a-2019-2020,4.13,3.89,4.37,4.74,0.13921113689095127,0.13303769401330376,49.37,47.45,€142.38m,€163.55m
249,249,30.11.2019,Brescia,0 : 3,Atalanta,Завершен,italy-serie-a-2019-2020,3.68,7.34,4.21,6.53,0.11138613861386139,0.1882693700217234,40.05,57.63,€83.23m,€291.43m
250,250,25.11.2019,SPAL,1 : 1,Genoa,Завершен,italy-serie-a-2019-2020,3.34,4.13,4.16,4.37,0.07179487179487179,0.13921113689095127,46.55,49.37,€73.63m,€142.38m
251,251,25.11.2019,Lecce,2 : 2,Cagliari,Завершен,italy-serie-a-2019-2020,4.58,4.05,4.79,4.05,0.13888888888888887,0.15283842794759825,44.58,45.37,€52.33m,€167.83m
252,252,24.11.2019,Sampdoria,2 : 1,Udinese,Завершен,italy-serie-a-2019-2020,4.66,3.92,5.13,5.26,0.11423550087873462,0.10559662090813093,42.53,44.66,€135.28m,€121.08m
253,253,24.11.2019,Hellas Verona,1 : 0,Fiorentina,Завершен,italy-serie-a-2019-2020,4.45,5.08,5.45,5.5,0.14134275618374556,0.12404580152671756,49.68,47.53,€112.53m,€302.23m
254,254,24.11.2019,Roma,3 : 0,Brescia,Завершен,italy-serie-a-2019-2020,5.71,3.68,7.03,4.21,0.14992503748125938,0.11138613861386139,53.03,40.05,€392.73m,€83.23m
255,255,24.11.2019,Sassuolo,1 : 2,Lazio,Завершен,italy-serie-a-2019-2020,5.29,5.95,5.45,5.74,0.16869728209934395,0.18229166666666669,57.71,50.45,€167.98m,€303.88m
256,256,24.11.2019,Bologna,2 : 2,Parma,Завершен,italy-serie-a-2019-2020,4.53,4.11,6.0,4.39,0.1269265639165911,0.15739769150052466,52.87,43.63,€129.65m,€128.75m
257,257,23.11.2019,Torino,0 : 3,Inter,Завершен,italy-serie-a-2019-2020,3.89,6.18,4.74,6.18,0.13303769401330376,0.17170891251022077,47.45,54.21,€163.55m,€606.05m
258,258,23.11.2019,Milan,1 : 1,Napoli,Завершен,italy-serie-a-2019-2020,5.21,6.21,5.47,5.84,0.13385826771653545,0.11976047904191618,55.24,59.32,€404.33m,€548.28m
259,259,23.11.2019,Atalanta,1 : 3,Juventus,Завершен,italy-serie-a-2019-2020,7.34,6.26,6.53,6.18,0.1882693700217234,0.14695077149155034,57.63,58.16,€291.43m,€661.88m
260,260,10.11.2019,Juventus,1 : 0,Milan,Завершен,italy-serie-a-2019-2020,6.26,5.21,6.18,5.47,0.14695077149155034,0.13385826771653545,58.16,55.24,€661.88m,€404.33m
261,261,10.11.2019,Parma,2 : 0,Roma,Завершен,italy-serie-a-2019-2020,4.11,5.71,4.39,7.03,0.15739769150052466,0.14992503748125938,43.63,53.03,€128.75m,€392.73m
262,262,10.11.2019,Lazio,4 : 2,Lecce,Завершен,italy-serie-a-2019-2020,5.95,4.58,5.74,4.79,0.18229166666666669,0.13888888888888887,50.45,44.58,€303.88m,€52.33m
263,263,10.11.2019,Sampdoria,0 : 0,Atalanta,Завершен,italy-serie-a-2019-2020,4.66,7.34,5.13,6.53,0.11423550087873462,0.1882693700217234,42.53,57.63,€135.28m,€291.43m
264,264,10.11.2019,Udinese,0 : 0,SPAL,Завершен,italy-serie-a-2019-2020,3.92,3.34,5.26,4.16,0.10559662090813093,0.07179487179487179,44.66,46.55,€121.08m,€73.63m
265,265,10.11.2019,Cagliari,5 : 2,Fiorentina,Завершен,italy-serie-a-2019-2020,4.05,5.08,4.05,5.5,0.15283842794759825,0.12404580152671756,45.37,47.53,€167.83m,€302.23m
266,266,09.11.2019,Napoli,0 : 0,Genoa,Завершен,italy-serie-a-2019-2020,6.21,4.13,5.84,4.37,0.11976047904191618,0.13921113689095127,59.32,49.37,€548.28m,€142.38m
267,267,09.11.2019,Inter,2 : 1,Hellas Verona,Завершен,italy-serie-a-2019-2020,6.18,4.45,6.18,5.45,0.17170891251022077,0.14134275618374556,54.21,49.68,€606.05m,€112.53m
268,268,09.11.2019,Brescia,0 : 4,Torino,Завершен,italy-serie-a-2019-2020,3.68,3.89,4.21,4.74,0.11138613861386139,0.13303769401330376,40.05,47.45,€83.23m,€163.55m
269,269,08.11.2019,Sassuolo,3 : 1,Bologna,Завершен,italy-serie-a-2019-2020,5.29,4.53,5.45,6.0,0.16869728209934395,0.1269265639165911,57.71,52.87,€167.98m,€129.65m
270,270,04.11.2019,SPAL,0 : 1,Sampdoria,Завершен,italy-serie-a-2019-2020,3.34,4.66,4.16,5.13,0.07179487179487179,0.11423550087873462,46.55,42.53,€73.63m,€135.28m
271,271,03.11.2019,Milan,1 : 2,Lazio,Завершен,italy-serie-a-2019-2020,5.21,5.95,5.47,5.74,0.13385826771653545,0.18229166666666669,55.24,50.45,€404.33m,€303.88m
272,272,03.11.2019,Fiorentina,1 : 1,Parma,Завершен,italy-serie-a-2019-2020,5.08,4.11,5.5,4.39,0.12404580152671756,0.15739769150052466,47.53,43.63,€302.23m,€128.75m
273,273,03.11.2019,Genoa,1 : 3,Udinese,Завершен,italy-serie-a-2019-2020,4.13,3.92,4.37,5.26,0.13921113689095127,0.10559662090813093,49.37,44.66,€142.38m,€121.08m
274,274,03.11.2019,Hellas Verona,2 : 1,Brescia,Завершен,italy-serie-a-2019-2020,4.45,3.68,5.45,4.21,0.14134275618374556,0.11138613861386139,49.68,40.05,€112.53m,€83.23m
275,275,03.11.2019,Lecce,2 : 2,Sassuolo,Завершен,italy-serie-a-2019-2020,4.58,5.29,4.79,5.45,0.13888888888888887,0.16869728209934395,44.58,57.71,€52.33m,€167.98m
276,276,03.11.2019,Atalanta,0 : 2,Cagliari,Завершен,italy-serie-a-2019-2020,7.34,4.05,6.53,4.05,0.1882693700217234,0.15283842794759825,57.63,45.37,€291.43m,€167.83m
277,277,02.11.2019,Torino,0 : 1,Juventus,Завершен,italy-serie-a-2019-2020,3.89,6.26,4.74,6.18,0.13303769401330376,0.14695077149155034,47.45,58.16,€163.55m,€661.88m
278,278,02.11.2019,Bologna,1 : 2,Inter,Завершен,italy-serie-a-2019-2020,4.53,6.18,6.0,6.18,0.1269265639165911,0.17170891251022077,52.87,54.21,€129.65m,€606.05m
279,279,02.11.2019,Roma,2 : 1,Napoli,Завершен,italy-serie-a-2019-2020,5.71,6.21,7.03,5.84,0.14992503748125938,0.11976047904191618,53.03,59.32,€392.73m,€548.28m
280,280,31.10.2019,Milan,1 : 0,SPAL,Завершен,italy-serie-a-2019-2020,5.21,3.34,5.47,4.16,0.13385826771653545,0.07179487179487179,55.24,46.55,€404.33m,€73.63m
281,281,30.10.2019,Cagliari,3 : 2,Bologna,Завершен,italy-serie-a-2019-2020,4.05,4.53,4.05,6.0,0.15283842794759825,0.1269265639165911,45.37,52.87,€167.83m,€129.65m
282,282,30.10.2019,Juventus,2 : 1,Genoa,Завершен,italy-serie-a-2019-2020,6.26,4.13,6.18,4.37,0.14695077149155034,0.13921113689095127,58.16,49.37,€661.88m,€142.38m
283,283,30.10.2019,Lazio,4 : 0,Torino,Завершен,italy-serie-a-2019-2020,5.95,3.89,5.74,4.74,0.18229166666666669,0.13303769401330376,50.45,47.45,€303.88m,€163.55m
284,284,30.10.2019,Sampdoria,1 : 1,Lecce,Завершен,italy-serie-a-2019-2020,4.66,4.58,5.13,4.79,0.11423550087873462,0.13888888888888887,42.53,44.58,€135.28m,€52.33m
285,285,30.10.2019,Sassuolo,1 : 2,Fiorentina,Завершен,italy-serie-a-2019-2020,5.29,5.08,5.45,5.5,0.16869728209934395,0.12404580152671756,57.71,47.53,€167.98m,€302.23m
286,286,30.10.2019,Udinese,0 : 4,Roma,Завершен,italy-serie-a-2019-2020,3.92,5.71,5.26,7.03,0.10559662090813093,0.14992503748125938,44.66,53.03,€121.08m,€392.73m
287,287,30.10.2019,Napoli,2 : 2,Atalanta,Завершен,italy-serie-a-2019-2020,6.21,7.34,5.84,6.53,0.11976047904191618,0.1882693700217234,59.32,57.63,€548.28m,€291.43m
288,288,29.10.2019,Brescia,1 : 2,Inter,Завершен,italy-serie-a-2019-2020,3.68,6.18,4.21,6.18,0.11138613861386139,0.17170891251022077,40.05,54.21,€83.23m,€606.05m
289,289,29.10.2019,Parma,0 : 1,Hellas Verona,Завершен,italy-serie-a-2019-2020,4.11,4.45,4.39,5.45,0.15739769150052466,0.14134275618374556,43.63,49.68,€128.75m,€112.53m
290,290,27.10.2019,Fiorentina,1 : 2,Lazio,Завершен,italy-serie-a-2019-2020,5.08,5.95,5.5,5.74,0.12404580152671756,0.18229166666666669,47.53,50.45,€302.23m,€303.88m
291,291,27.10.2019,Roma,2 : 1,Milan,Завершен,italy-serie-a-2019-2020,5.71,5.21,7.03,5.47,0.14992503748125938,0.13385826771653545,53.03,55.24,€392.73m,€404.33m
292,292,27.10.2019,Atalanta,7 : 1,Udinese,Завершен,italy-serie-a-2019-2020,7.34,3.92,6.53,5.26,0.1882693700217234,0.10559662090813093,57.63,44.66,€291.43m,€121.08m
293,293,27.10.2019,SPAL,1 : 1,Napoli,Завершен,italy-serie-a-2019-2020,3.34,6.21,4.16,5.84,0.07179487179487179,0.11976047904191618,46.55,59.32,€73.63m,€548.28m
294,294,27.10.2019,Torino,1 : 1,Cagliari,Завершен,italy-serie-a-2019-2020,3.89,4.05,4.74,4.05,0.13303769401330376,0.15283842794759825,47.45,45.37,€163.55m,€167.83m
295,295,27.10.2019,Bologna,2 : 1,Sampdoria,Завершен,italy-serie-a-2019-2020,4.53,4.66,6.0,5.13,0.1269265639165911,0.11423550087873462,52.87,42.53,€129.65m,€135.28m
296,296,26.10.2019,Genoa,3 : 1,Brescia,Завершен,italy-serie-a-2019-2020,4.13,3.68,4.37,4.21,0.13921113689095127,0.11138613861386139,49.37,40.05,€142.38m,€83.23m
297,297,26.10.2019,Inter,2 : 2,Parma,Завершен,italy-serie-a-2019-2020,6.18,4.11,6.18,4.39,0.17170891251022077,0.15739769150052466,54.21,43.63,€606.05m,€128.75m
298,298,26.10.2019,Lecce,1 : 1,Juventus,Завершен,italy-serie-a-2019-2020,4.58,6.26,4.79,6.18,0.13888888888888887,0.14695077149155034,44.58,58.16,€52.33m,€661.88m
299,299,25.10.2019,Hellas Verona,0 : 1,Sassuolo,Завершен,italy-serie-a-2019-2020,4.45,5.29,5.45,5.45,0.14134275618374556,0.16869728209934395,49.68,57.71,€112.53m,€167.98m
300,300,21.10.2019,Brescia,0 : 0,Fiorentina,Завершен,italy-serie-a-2019-2020,3.68,5.08,4.21,5.5,0.11138613861386139,0.12404580152671756,40.05,47.53,€83.23m,€302.23m
301,301,20.10.2019,Milan,2 : 2,Lecce,Завершен,italy-serie-a-2019-2020,5.21,4.58,5.47,4.79,0.13385826771653545,0.13888888888888887,55.24,44.58,€404.33m,€52.33m
302,302,20.10.2019,Parma,5 : 1,Genoa,Завершен,italy-serie-a-2019-2020,4.11,4.13,4.39,4.37,0.15739769150052466,0.13921113689095127,43.63,49.37,€128.75m,€142.38m
303,303,20.10.2019,Cagliari,2 : 0,SPAL,Завершен,italy-serie-a-2019-2020,4.05,3.34,4.05,4.16,0.15283842794759825,0.07179487179487179,45.37,46.55,€167.83m,€73.63m
304,304,20.10.2019,Sampdoria,0 : 0,Roma,Завершен,italy-serie-a-2019-2020,4.66,5.71,5.13,7.03,0.11423550087873462,0.14992503748125938,42.53,53.03,€135.28m,€392.73m
305,305,20.10.2019,Udinese,1 : 0,Torino,Завершен,italy-serie-a-2019-2020,3.92,3.89,5.26,4.74,0.10559662090813093,0.13303769401330376,44.66,47.45,€121.08m,€163.55m
306,306,20.10.2019,Sassuolo,3 : 4,Inter,Завершен,italy-serie-a-2019-2020,5.29,6.18,5.45,6.18,0.16869728209934395,0.17170891251022077,57.71,54.21,€167.98m,€606.05m
307,307,19.10.2019,Juventus,2 : 1,Bologna,Завершен,italy-serie-a-2019-2020,6.26,4.53,6.18,6.0,0.14695077149155034,0.1269265639165911,58.16,52.87,€661.88m,€129.65m
308,308,19.10.2019,Napoli,2 : 0,Hellas Verona,Завершен,italy-serie-a-2019-2020,6.21,4.45,5.84,5.45,0.11976047904191618,0.14134275618374556,59.32,49.68,€548.28m,€112.53m
309,309,19.10.2019,Lazio,3 : 3,Atalanta,Завершен,italy-serie-a-2019-2020,5.95,7.34,5.74,6.53,0.18229166666666669,0.1882693700217234,50.45,57.63,€303.88m,€291.43m
310,310,18.12.2019,Brescia,0 : 2,Sassuolo,Завершен,italy-serie-a-2019-2020,3.68,5.29,4.21,5.45,0.11138613861386139,0.16869728209934395,40.05,57.71,€83.23m,€167.98m
311,311,06.10.2019,Inter,1 : 2,Juventus,Завершен,italy-serie-a-2019-2020,6.18,6.26,6.18,6.18,0.17170891251022077,0.14695077149155034,54.21,58.16,€606.05m,€661.88m
312,312,06.10.2019,Torino,0 : 0,Napoli,Завершен,italy-serie-a-2019-2020,3.89,6.21,4.74,5.84,0.13303769401330376,0.11976047904191618,47.45,59.32,€163.55m,€548.28m
313,313,06.10.2019,Atalanta,3 : 1,Lecce,Завершен,italy-serie-a-2019-2020,7.34,4.58,6.53,4.79,0.1882693700217234,0.13888888888888887,57.63,44.58,€291.43m,€52.33m
314,314,06.10.2019,Bologna,2 : 2,Lazio,Завершен,italy-serie-a-2019-2020,4.53,5.95,6.0,5.74,0.1269265639165911,0.18229166666666669,52.87,50.45,€129.65m,€303.88m
315,315,06.10.2019,Roma,1 : 1,Cagliari,Завершен,italy-serie-a-2019-2020,5.71,4.05,7.03,4.05,0.14992503748125938,0.15283842794759825,53.03,45.37,€392.73m,€167.83m
316,316,06.10.2019,Fiorentina,1 : 0,Udinese,Завершен,italy-serie-a-2019-2020,5.08,3.92,5.5,5.26,0.12404580152671756,0.10559662090813093,47.53,44.66,€302.23m,€121.08m
317,317,05.10.2019,Genoa,1 : 2,Milan,Завершен,italy-serie-a-2019-2020,4.13,5.21,4.37,5.47,0.13921113689095127,0.13385826771653545,49.37,55.24,€142.38m,€404.33m
318,318,05.10.2019,Hellas Verona,2 : 0,Sampdoria,Завершен,italy-serie-a-2019-2020,4.45,4.66,5.45,5.13,0.14134275618374556,0.11423550087873462,49.68,42.53,€112.53m,€135.28m
319,319,05.10.2019,SPAL,1 : 0,Parma,Завершен,italy-serie-a-2019-2020,3.34,4.11,4.16,4.39,0.07179487179487179,0.15739769150052466,46.55,43.63,€73.63m,€128.75m
320,320,30.09.2019,Parma,3 : 2,Torino,Завершен,italy-serie-a-2019-2020,4.11,3.89,4.39,4.74,0.15739769150052466,0.13303769401330376,43.63,47.45,€128.75m,€163.55m
321,321,29.09.2019,Milan,1 : 3,Fiorentina,Завершен,italy-serie-a-2019-2020,5.21,5.08,5.47,5.5,0.13385826771653545,0.12404580152671756,55.24,47.53,€404.33m,€302.23m
322,322,29.09.2019,Cagliari,1 : 1,Hellas Verona,Завершен,italy-serie-a-2019-2020,4.05,4.45,4.05,5.45,0.15283842794759825,0.14134275618374556,45.37,49.68,€167.83m,€112.53m
323,323,29.09.2019,Lazio,4 : 0,Genoa,Завершен,italy-serie-a-2019-2020,5.95,4.13,5.74,4.37,0.18229166666666669,0.13921113689095127,50.45,49.37,€303.88m,€142.38m
324,324,29.09.2019,Lecce,0 : 1,Roma,Завершен,italy-serie-a-2019-2020,4.58,5.71,4.79,7.03,0.13888888888888887,0.14992503748125938,44.58,53.03,€52.33m,€392.73m
325,325,29.09.2019,Udinese,1 : 0,Bologna,Завершен,italy-serie-a-2019-2020,3.92,4.53,5.26,6.0,0.10559662090813093,0.1269265639165911,44.66,52.87,€121.08m,€129.65m
326,326,29.09.2019,Napoli,2 : 1,Brescia,Завершен,italy-serie-a-2019-2020,6.21,3.68,5.84,4.21,0.11976047904191618,0.11138613861386139,59.32,40.05,€548.28m,€83.23m
327,327,28.09.2019,Sassuolo,1 : 4,Atalanta,Завершен,italy-serie-a-2019-2020,5.29,7.34,5.45,6.53,0.16869728209934395,0.1882693700217234,57.71,57.63,€167.98m,€291.43m
328,328,28.09.2019,Sampdoria,1 : 3,Inter,Завершен,italy-serie-a-2019-2020,4.66,6.18,5.13,6.18,0.11423550087873462,0.17170891251022077,42.53,54.21,€135.28m,€606.05m
329,329,28.09.2019,Juventus,2 : 0,SPAL,Завершен,italy-serie-a-2019-2020,6.26,3.34,6.18,4.16,0.14695077149155034,0.07179487179487179,58.16,46.55,€661.88m,€73.63m
330,330,26.09.2019,Torino,2 : 1,Milan,Завершен,italy-serie-a-2019-2020,3.89,5.21,4.74,5.47,0.13303769401330376,0.13385826771653545,47.45,55.24,€163.55m,€404.33m
331,331,25.09.2019,Fiorentina,2 : 1,Sampdoria,Завершен,italy-serie-a-2019-2020,5.08,4.66,5.5,5.13,0.12404580152671756,0.11423550087873462,47.53,42.53,€302.23m,€135.28m
332,332,25.09.2019,Genoa,0 : 0,Bologna,Завершен,italy-serie-a-2019-2020,4.13,4.53,4.37,6.0,0.13921113689095127,0.1269265639165911,49.37,52.87,€142.38m,€129.65m
333,333,25.09.2019,Inter,1 : 0,Lazio,Завершен,italy-serie-a-2019-2020,6.18,5.95,6.18,5.74,0.17170891251022077,0.18229166666666669,54.21,50.45,€606.05m,€303.88m
334,334,25.09.2019,Napoli,0 : 1,Cagliari,Завершен,italy-serie-a-2019-2020,6.21,4.05,5.84,4.05,0.11976047904191618,0.15283842794759825,59.32,45.37,€548.28m,€167.83m
335,335,25.09.2019,Parma,1 : 0,Sassuolo,Завершен,italy-serie-a-2019-2020,4.11,5.29,4.39,5.45,0.15739769150052466,0.16869728209934395,43.63,57.71,€128.75m,€167.98m
336,336,25.09.2019,SPAL,1 : 3,Lecce,Завершен,italy-serie-a-2019-2020,3.34,4.58,4.16,4.79,0.07179487179487179,0.13888888888888887,46.55,44.58,€73.63m,€52.33m
337,337,25.09.2019,Roma,0 : 2,Atalanta,Завершен,italy-serie-a-2019-2020,5.71,7.34,7.03,6.53,0.14992503748125938,0.1882693700217234,53.03,57.63,€392.73m,€291.43m
338,338,24.09.2019,Brescia,1 : 2,Juventus,Завершен,italy-serie-a-2019-2020,3.68,6.26,4.21,6.18,0.11138613861386139,0.14695077149155034,40.05,58.16,€83.23m,€661.88m
339,339,24.09.2019,Hellas Verona,0 : 0,Udinese,Завершен,italy-serie-a-2019-2020,4.45,3.92,5.45,5.26,0.14134275618374556,0.10559662090813093,49.68,44.66,€112.53m,€121.08m
340,340,22.09.2019,Lazio,2 : 0,Parma,Завершен,italy-serie-a-2019-2020,5.95,4.11,5.74,4.39,0.18229166666666669,0.15739769150052466,50.45,43.63,€303.88m,€128.75m
341,341,22.09.2019,Atalanta,2 : 2,Fiorentina,Завершен,italy-serie-a-2019-2020,7.34,5.08,6.53,5.5,0.1882693700217234,0.12404580152671756,57.63,47.53,€291.43m,€302.23m
342,342,22.09.2019,Bologna,1 : 2,Roma,Завершен,italy-serie-a-2019-2020,4.53,5.71,6.0,7.03,0.1269265639165911,0.14992503748125938,52.87,53.03,€129.65m,€392.73m
343,343,22.09.2019,Lecce,1 : 4,Napoli,Завершен,italy-serie-a-2019-2020,4.58,6.21,4.79,5.84,0.13888888888888887,0.11976047904191618,44.58,59.32,€52.33m,€548.28m
344,344,22.09.2019,Sampdoria,1 : 0,Torino,Завершен,italy-serie-a-2019-2020,4.66,3.89,5.13,4.74,0.11423550087873462,0.13303769401330376,42.53,47.45,€135.28m,€163.55m
345,345,22.09.2019,Sassuolo,3 : 0,SPAL,Завершен,italy-serie-a-2019-2020,5.29,3.34,5.45,4.16,0.16869728209934395,0.07179487179487179,57.71,46.55,€167.98m,€73.63m
346,346,21.09.2019,Milan,0 : 2,Inter,Завершен,italy-serie-a-2019-2020,5.21,6.18,5.47,6.18,0.13385826771653545,0.17170891251022077,55.24,54.21,€404.33m,€606.05m
347,347,21.09.2019,Juventus,2 : 1,Hellas Verona,Завершен,italy-serie-a-2019-2020,6.26,4.45,6.18,5.45,0.14695077149155034,0.14134275618374556,58.16,49.68,€661.88m,€112.53m
348,348,21.09.2019,Udinese,0 : 1,Brescia,Завершен,italy-serie-a-2019-2020,3.92,3.68,5.26,4.21,0.10559662090813093,0.11138613861386139,44.66,40.05,€121.08m,€83.23m
349,349,20.09.2019,Cagliari,3 : 1,Genoa,Завершен,italy-serie-a-2019-2020,4.05,4.13,4.05,4.37,0.15283842794759825,0.13921113689095127,45.37,49.37,€167.83m,€142.38m
350,350,16.09.2019,Torino,1 : 2,Lecce,Завершен,italy-serie-a-2019-2020,3.89,4.58,4.74,4.79,0.13303769401330376,0.13888888888888887,47.45,44.58,€163.55m,€52.33m
351,351,15.09.2019,Hellas Verona,0 : 1,Milan,Завершен,italy-serie-a-2019-2020,4.45,5.21,5.45,5.47,0.14134275618374556,0.13385826771653545,49.68,55.24,€112.53m,€404.33m
352,352,15.09.2019,Roma,4 : 2,Sassuolo,Завершен,italy-serie-a-2019-2020,5.71,5.29,7.03,5.45,0.14992503748125938,0.16869728209934395,53.03,57.71,€392.73m,€167.98m
353,353,15.09.2019,Brescia,3 : 4,Bologna,Завершен,italy-serie-a-2019-2020,3.68,4.53,4.21,6.0,0.11138613861386139,0.1269265639165911,40.05,52.87,€83.23m,€129.65m
354,354,15.09.2019,Parma,1 : 3,Cagliari,Завершен,italy-serie-a-2019-2020,4.11,4.05,4.39,4.05,0.15739769150052466,0.15283842794759825,43.63,45.37,€128.75m,€167.83m
355,355,15.09.2019,SPAL,2 : 1,Lazio,Завершен,italy-serie-a-2019-2020,3.34,5.95,4.16,5.74,0.07179487179487179,0.18229166666666669,46.55,50.45,€73.63m,€303.88m
356,356,15.09.2019,Genoa,1 : 2,Atalanta,Завершен,italy-serie-a-2019-2020,4.13,7.34,4.37,6.53,0.13921113689095127,0.1882693700217234,49.37,57.63,€142.38m,€291.43m
357,357,14.09.2019,Inter,1 : 0,Udinese,Завершен,italy-serie-a-2019-2020,6.18,3.92,6.18,5.26,0.17170891251022077,0.10559662090813093,54.21,44.66,€606.05m,€121.08m
358,358,14.09.2019,Napoli,2 : 0,Sampdoria,Завершен,italy-serie-a-2019-2020,6.21,4.66,5.84,5.13,0.11976047904191618,0.11423550087873462,59.32,42.53,€548.28m,€135.28m
359,359,14.09.2019,Fiorentina,0 : 0,Juventus,Завершен,italy-serie-a-2019-2020,5.08,6.26,5.5,6.18,0.12404580152671756,0.14695077149155034,47.53,58.16,€302.23m,€661.88m
360,360,01.09.2019,Atalanta,2 : 3,Torino,Завершен,italy-serie-a-2019-2020,7.34,3.89,6.53,4.74,0.1882693700217234,0.13303769401330376,57.63,47.45,€291.43m,€163.55m
361,361,01.09.2019,Cagliari,1 : 2,Inter,Завершен,italy-serie-a-2019-2020,4.05,6.18,4.05,6.18,0.15283842794759825,0.17170891251022077,45.37,54.21,€167.83m,€606.05m
362,362,01.09.2019,Genoa,2 : 1,Fiorentina,Завершен,italy-serie-a-2019-2020,4.13,5.08,4.37,5.5,0.13921113689095127,0.12404580152671756,49.37,47.53,€142.38m,€302.23m
363,363,01.09.2019,Lecce,0 : 1,Hellas Verona,Завершен,italy-serie-a-2019-2020,4.58,4.45,4.79,5.45,0.13888888888888887,0.14134275618374556,44.58,49.68,€52.33m,€112.53m
364,364,01.09.2019,Sassuolo,4 : 1,Sampdoria,Завершен,italy-serie-a-2019-2020,5.29,4.66,5.45,5.13,0.16869728209934395,0.11423550087873462,57.71,42.53,€167.98m,€135.28m
365,365,01.09.2019,Udinese,1 : 3,Parma,Завершен,italy-serie-a-2019-2020,3.92,4.11,5.26,4.39,0.10559662090813093,0.15739769150052466,44.66,43.63,€121.08m,€128.75m
366,366,01.09.2019,Lazio,1 : 1,Roma,Завершен,italy-serie-a-2019-2020,5.95,5.71,5.74,7.03,0.18229166666666669,0.14992503748125938,50.45,53.03,€303.88m,€392.73m
367,367,31.08.2019,Juventus,4 : 3,Napoli,Завершен,italy-serie-a-2019-2020,6.26,6.21,6.18,5.84,0.14695077149155034,0.11976047904191618,58.16,59.32,€661.88m,€548.28m
368,368,31.08.2019,Milan,1 : 0,Brescia,Завершен,italy-serie-a-2019-2020,5.21,3.68,5.47,4.21,0.13385826771653545,0.11138613861386139,55.24,40.05,€404.33m,€83.23m
369,369,30.08.2019,Bologna,1 : 0,SPAL,Завершен,italy-serie-a-2019-2020,4.53,3.34,6.0,4.16,0.1269265639165911,0.07179487179487179,52.87,46.55,€129.65m,€73.63m
370,370,26.08.2019,Inter,4 : 0,Lecce,Завершен,italy-serie-a-2019-2020,6.18,4.58,6.18,4.79,0.17170891251022077,0.13888888888888887,54.21,44.58,€606.05m,€52.33m
371,371,25.08.2019,Cagliari,0 : 1,Brescia,Завершен,italy-serie-a-2019-2020,4.05,3.68,4.05,4.21,0.15283842794759825,0.11138613861386139,45.37,40.05,€167.83m,€83.23m
372,372,25.08.2019,Hellas Verona,1 : 1,Bologna,Завершен,italy-serie-a-2019-2020,4.45,4.53,5.45,6.0,0.14134275618374556,0.1269265639165911,49.68,52.87,€112.53m,€129.65m
373,373,25.08.2019,Roma,3 : 3,Genoa,Завершен,italy-serie-a-2019-2020,5.71,4.13,7.03,4.37,0.14992503748125938,0.13921113689095127,53.03,49.37,€392.73m,€142.38m
374,374,25.08.2019,Sampdoria,0 : 3,Lazio,Завершен,italy-serie-a-2019-2020,4.66,5.95,5.13,5.74,0.11423550087873462,0.18229166666666669,42.53,50.45,€135.28m,€303.88m
375,375,25.08.2019,SPAL,2 : 3,Atalanta,Завершен,italy-serie-a-2019-2020,3.34,7.34,4.16,6.53,0.07179487179487179,0.1882693700217234,46.55,57.63,€73.63m,€291.43m
376,376,25.08.2019,Torino,2 : 1,Sassuolo,Завершен,italy-serie-a-2019-2020,3.89,5.29,4.74,5.45,0.13303769401330376,0.16869728209934395,47.45,57.71,€163.55m,€167.98m
377,377,25.08.2019,Udinese,1 : 0,Milan,Завершен,italy-serie-a-2019-2020,3.92,5.21,5.26,5.47,0.10559662090813093,0.13385826771653545,44.66,55.24,€121.08m,€404.33m
378,378,24.08.2019,Fiorentina,3 : 4,Napoli,Завершен,italy-serie-a-2019-2020,5.08,6.21,5.5,5.84,0.12404580152671756,0.11976047904191618,47.53,59.32,€302.23m,€548.28m
379,379,24.08.2019,Parma,0 : 1,Juventus,Завершен,italy-serie-a-2019-2020,4.11,6.26,4.39,6.18,0.15739769150052466,0.14695077149155034,43.63,58.16,€128.75m,€661.88m
