,Unnamed: 0,Date,Host,Result,Guest,Status,Season,Host: Average shots stvor,Guest: Average shots stvor,Host: Average corner situation,Guest: Average corner situation,Host: SCR,Guest: SCR,Host: Ball control,Guest: Ball control
0,0,26.07.2020,Arsenal,3 : 2,Watford,Завершен,england-premier-league-2019-2020,4.03,3.21,6.08,4.39,0.1925545571245186,0.11587485515643106,53.79,42.61
1,1,26.07.2020,Burnley,1 : 2,Brighton,Завершен,england-premier-league-2019-2020,3.24,3.68,4.5,4.68,0.14473684210526316,0.1079913606911447,41.32,52.5
2,2,26.07.2020,Chelsea,2 : 0,Wolverhampton,Завершен,england-premier-league-2019-2020,5.74,4.05,6.5,5.08,0.15025041736227046,0.1422319474835886,60.66,48.34
3,3,26.07.2020,Crystal Palace,1 : 1,Tottenham Hotspur,Завершен,england-premier-league-2019-2020,3.13,4.26,4.66,5.26,0.10796221322537113,0.18058690744920997,44.61,52.11
4,4,26.07.2020,Everton,1 : 3,AFC Bournemouth,Завершен,england-premier-league-2019-2020,4.18,3.16,5.34,5.11,0.13840830449826988,0.14473684210526316,48.84,44.16
5,5,26.07.2020,Leicester City,0 : 2,Manchester United,Завершен,england-premier-league-2019-2020,4.92,5.39,5.82,5.37,0.16838166510757716,0.16932270916334663,57.63,55.87
6,6,26.07.2020,Manchester City,5 : 0,Norwich City,Завершен,england-premier-league-2019-2020,6.76,3.21,7.84,4.26,0.18430034129692835,0.0879396984924623,66.87,49.21
7,7,26.07.2020,Newcastle United,1 : 3,Liverpool,Завершен,england-premier-league-2019-2020,3.21,6.05,3.97,6.76,0.13280212483399734,0.19963702359346644,38.84,63.03
8,8,26.07.2020,Southampton,3 : 1,Sheffield United,Завершен,england-premier-league-2019-2020,4.63,3.05,5.53,5.58,0.1381509032943677,0.14450867052023122,48.84,42.97
9,9,26.07.2020,West Ham United,1 : 1,Aston Villa,Завершен,england-premier-league-2019-2020,4.08,4.0,5.0,5.26,0.16009852216748768,0.12127894156560089,43.61,44.21
10,10,22.07.2020,Liverpool,5 : 3,Chelsea,Завершен,england-premier-league-2019-2020,6.05,5.74,6.76,6.5,0.19963702359346644,0.15025041736227046,63.03,60.66
11,11,22.07.2020,Manchester United,1 : 1,West Ham United,Завершен,england-premier-league-2019-2020,5.39,4.08,5.37,5.0,0.16932270916334663,0.16009852216748768,55.87,43.61
12,12,21.07.2020,Aston Villa,1 : 0,Arsenal,Завершен,england-premier-league-2019-2020,4.0,4.03,5.26,6.08,0.12127894156560089,0.1925545571245186,44.21,53.79
13,13,21.07.2020,Watford,0 : 4,Manchester City,Завершен,england-premier-league-2019-2020,3.21,6.76,4.39,7.84,0.11587485515643106,0.18430034129692835,42.61,66.87
14,14,20.07.2020,Wolverhampton,2 : 0,Crystal Palace,Завершен,england-premier-league-2019-2020,4.05,3.13,5.08,4.66,0.1422319474835886,0.10796221322537113,48.34,44.61
15,15,20.07.2020,Brighton,0 : 0,Newcastle United,Завершен,england-premier-league-2019-2020,3.68,3.21,4.68,3.97,0.1079913606911447,0.13280212483399734,52.5,38.84
16,16,20.07.2020,Sheffield United,0 : 1,Everton,Завершен,england-premier-league-2019-2020,3.05,4.18,5.58,5.34,0.14450867052023122,0.13840830449826988,42.97,48.84
17,17,19.07.2020,Tottenham Hotspur,3 : 0,Leicester City,Завершен,england-premier-league-2019-2020,4.26,4.92,5.26,5.82,0.18058690744920997,0.16838166510757716,52.11,57.63
18,18,19.07.2020,AFC Bournemouth,0 : 2,Southampton,Завершен,england-premier-league-2019-2020,3.16,4.63,5.11,5.53,0.14473684210526316,0.1381509032943677,44.16,48.84
19,19,18.07.2020,Norwich City,0 : 2,Burnley,Завершен,england-premier-league-2019-2020,3.21,3.24,4.26,4.5,0.0879396984924623,0.14473684210526316,49.21,41.32
20,20,17.07.2020,West Ham United,3 : 1,Watford,Завершен,england-premier-league-2019-2020,4.08,3.21,5.0,4.39,0.16009852216748768,0.11587485515643106,43.61,42.61
21,21,16.07.2020,Crystal Palace,0 : 2,Manchester United,Завершен,england-premier-league-2019-2020,3.13,5.39,4.66,5.37,0.10796221322537113,0.16932270916334663,44.61,55.87
22,22,16.07.2020,Southampton,1 : 1,Brighton,Завершен,england-premier-league-2019-2020,4.63,3.68,5.53,4.68,0.1381509032943677,0.1079913606911447,48.84,52.5
23,23,16.07.2020,Everton,1 : 1,Aston Villa,Завершен,england-premier-league-2019-2020,4.18,4.0,5.34,5.26,0.13840830449826988,0.12127894156560089,48.84,44.21
24,24,16.07.2020,Leicester City,2 : 0,Sheffield United,Завершен,england-premier-league-2019-2020,4.92,3.05,5.82,5.58,0.16838166510757716,0.14450867052023122,57.63,42.97
25,25,15.07.2020,Arsenal,2 : 1,Liverpool,Завершен,england-premier-league-2019-2020,4.03,6.05,6.08,6.76,0.1925545571245186,0.19963702359346644,53.79,63.03
26,26,15.07.2020,Burnley,1 : 1,Wolverhampton,Завершен,england-premier-league-2019-2020,3.24,4.05,4.5,5.08,0.14473684210526316,0.1422319474835886,41.32,48.34
27,27,15.07.2020,Manchester City,2 : 1,AFC Bournemouth,Завершен,england-premier-league-2019-2020,6.76,3.16,7.84,5.11,0.18430034129692835,0.14473684210526316,66.87,44.16
28,28,15.07.2020,Newcastle United,1 : 3,Tottenham Hotspur,Завершен,england-premier-league-2019-2020,3.21,4.26,3.97,5.26,0.13280212483399734,0.18058690744920997,38.84,52.11
29,29,14.07.2020,Chelsea,1 : 0,Norwich City,Завершен,england-premier-league-2019-2020,5.74,3.21,6.5,4.26,0.15025041736227046,0.0879396984924623,60.66,49.21
30,30,13.07.2020,Manchester United,2 : 2,Southampton,Завершен,england-premier-league-2019-2020,5.39,4.63,5.37,5.53,0.16932270916334663,0.1381509032943677,55.87,48.84
31,31,12.07.2020,AFC Bournemouth,4 : 1,Leicester City,Завершен,england-premier-league-2019-2020,3.16,4.92,5.11,5.82,0.14473684210526316,0.16838166510757716,44.16,57.63
32,32,12.07.2020,Tottenham Hotspur,2 : 1,Arsenal,Завершен,england-premier-league-2019-2020,4.26,4.03,5.26,6.08,0.18058690744920997,0.1925545571245186,52.11,53.79
33,33,12.07.2020,Aston Villa,2 : 0,Crystal Palace,Завершен,england-premier-league-2019-2020,4.0,3.13,5.26,4.66,0.12127894156560089,0.10796221322537113,44.21,44.61
34,34,12.07.2020,Wolverhampton,3 : 0,Everton,Завершен,england-premier-league-2019-2020,4.05,4.18,5.08,5.34,0.1422319474835886,0.13840830449826988,48.34,48.84
35,35,11.07.2020,Brighton,0 : 5,Manchester City,Завершен,england-premier-league-2019-2020,3.68,6.76,4.68,7.84,0.1079913606911447,0.18430034129692835,52.5,66.87
36,36,11.07.2020,Sheffield United,3 : 0,Chelsea,Завершен,england-premier-league-2019-2020,3.05,5.74,5.58,6.5,0.14450867052023122,0.15025041736227046,42.97,60.66
37,37,11.07.2020,Liverpool,1 : 1,Burnley,Завершен,england-premier-league-2019-2020,6.05,3.24,6.76,4.5,0.19963702359346644,0.14473684210526316,63.03,41.32
38,38,11.07.2020,Norwich City,0 : 4,West Ham United,Завершен,england-premier-league-2019-2020,3.21,4.08,4.26,5.0,0.0879396984924623,0.16009852216748768,49.21,43.61
39,39,11.07.2020,Watford,2 : 1,Newcastle United,Завершен,england-premier-league-2019-2020,3.21,3.21,4.39,3.97,0.11587485515643106,0.13280212483399734,42.61,38.84
40,40,09.07.2020,Aston Villa,0 : 3,Manchester United,Завершен,england-premier-league-2019-2020,4.0,5.39,5.26,5.37,0.12127894156560089,0.16932270916334663,44.21,55.87
41,41,09.07.2020,AFC Bournemouth,0 : 0,Tottenham Hotspur,Завершен,england-premier-league-2019-2020,3.16,4.26,5.11,5.26,0.14473684210526316,0.18058690744920997,44.16,52.11
42,42,09.07.2020,Everton,1 : 1,Southampton,Завершен,england-premier-league-2019-2020,4.18,4.63,5.34,5.53,0.13840830449826988,0.1381509032943677,48.84,48.84
43,43,08.07.2020,Brighton,1 : 3,Liverpool,Завершен,england-premier-league-2019-2020,3.68,6.05,4.68,6.76,0.1079913606911447,0.19963702359346644,52.5,63.03
44,44,08.07.2020,Manchester City,5 : 0,Newcastle United,Завершен,england-premier-league-2019-2020,6.76,3.21,7.84,3.97,0.18430034129692835,0.13280212483399734,66.87,38.84
45,45,08.07.2020,Sheffield United,1 : 0,Wolverhampton,Завершен,england-premier-league-2019-2020,3.05,4.05,5.58,5.08,0.14450867052023122,0.1422319474835886,42.97,48.34
46,46,08.07.2020,West Ham United,0 : 1,Burnley,Завершен,england-premier-league-2019-2020,4.08,3.24,5.0,4.5,0.16009852216748768,0.14473684210526316,43.61,41.32
47,47,07.07.2020,Arsenal,1 : 1,Leicester City,Завершен,england-premier-league-2019-2020,4.03,4.92,6.08,5.82,0.1925545571245186,0.16838166510757716,53.79,57.63
48,48,07.07.2020,Crystal Palace,2 : 3,Chelsea,Завершен,england-premier-league-2019-2020,3.13,5.74,4.66,6.5,0.10796221322537113,0.15025041736227046,44.61,60.66
49,49,07.07.2020,Watford,2 : 1,Norwich City,Завершен,england-premier-league-2019-2020,3.21,3.21,4.39,4.26,0.11587485515643106,0.0879396984924623,42.61,49.21
50,50,06.07.2020,Tottenham Hotspur,1 : 0,Everton,Завершен,england-premier-league-2019-2020,4.26,4.18,5.26,5.34,0.18058690744920997,0.13840830449826988,52.11,48.84
51,51,05.07.2020,Southampton,1 : 0,Manchester City,Завершен,england-premier-league-2019-2020,4.63,6.76,5.53,7.84,0.1381509032943677,0.18430034129692835,48.84,66.87
52,52,05.07.2020,Liverpool,2 : 0,Aston Villa,Завершен,england-premier-league-2019-2020,6.05,4.0,6.76,5.26,0.19963702359346644,0.12127894156560089,63.03,44.21
53,53,05.07.2020,Newcastle United,2 : 2,West Ham United,Завершен,england-premier-league-2019-2020,3.21,4.08,3.97,5.0,0.13280212483399734,0.16009852216748768,38.84,43.61
54,54,05.07.2020,Burnley,1 : 1,Sheffield United,Завершен,england-premier-league-2019-2020,3.24,3.05,4.5,5.58,0.14473684210526316,0.14450867052023122,41.32,42.97
55,55,04.07.2020,Chelsea,3 : 0,Watford,Завершен,england-premier-league-2019-2020,5.74,3.21,6.5,4.39,0.15025041736227046,0.11587485515643106,60.66,42.61
56,56,04.07.2020,Wolverhampton,0 : 2,Arsenal,Завершен,england-premier-league-2019-2020,4.05,4.03,5.08,6.08,0.1422319474835886,0.1925545571245186,48.34,53.79
57,57,04.07.2020,Leicester City,3 : 0,Crystal Palace,Завершен,england-premier-league-2019-2020,4.92,3.13,5.82,4.66,0.16838166510757716,0.10796221322537113,57.63,44.61
58,58,04.07.2020,Manchester United,5 : 2,AFC Bournemouth,Завершен,england-premier-league-2019-2020,5.39,3.16,5.37,5.11,0.16932270916334663,0.14473684210526316,55.87,44.16
59,59,04.07.2020,Norwich City,0 : 1,Brighton,Завершен,england-premier-league-2019-2020,3.21,3.68,4.26,4.68,0.0879396984924623,0.1079913606911447,49.21,52.5
60,60,02.07.2020,Manchester City,4 : 0,Liverpool,Завершен,england-premier-league-2019-2020,6.76,6.05,7.84,6.76,0.18430034129692835,0.19963702359346644,66.87,63.03
61,61,02.07.2020,Sheffield United,3 : 1,Tottenham Hotspur,Завершен,england-premier-league-2019-2020,3.05,4.26,5.58,5.26,0.14450867052023122,0.18058690744920997,42.97,52.11
62,62,01.07.2020,West Ham United,3 : 2,Chelsea,Завершен,england-premier-league-2019-2020,4.08,5.74,5.0,6.5,0.16009852216748768,0.15025041736227046,43.61,60.66
63,63,01.07.2020,AFC Bournemouth,1 : 4,Newcastle United,Завершен,england-premier-league-2019-2020,3.16,3.21,5.11,3.97,0.14473684210526316,0.13280212483399734,44.16,38.84
64,64,01.07.2020,Arsenal,4 : 0,Norwich City,Завершен,england-premier-league-2019-2020,4.03,3.21,6.08,4.26,0.1925545571245186,0.0879396984924623,53.79,49.21
65,65,01.07.2020,Everton,2 : 1,Leicester City,Завершен,england-premier-league-2019-2020,4.18,4.92,5.34,5.82,0.13840830449826988,0.16838166510757716,48.84,57.63
66,66,30.06.2020,Brighton,0 : 3,Manchester United,Завершен,england-premier-league-2019-2020,3.68,5.39,4.68,5.37,0.1079913606911447,0.16932270916334663,52.5,55.87
67,67,29.06.2020,Crystal Palace,0 : 1,Burnley,Завершен,england-premier-league-2019-2020,3.13,3.24,4.66,4.5,0.10796221322537113,0.14473684210526316,44.61,41.32
68,68,28.06.2020,Watford,1 : 3,Southampton,Завершен,england-premier-league-2019-2020,3.21,4.63,4.39,5.53,0.11587485515643106,0.1381509032943677,42.61,48.84
69,69,27.06.2020,Aston Villa,0 : 1,Wolverhampton,Завершен,england-premier-league-2019-2020,4.0,4.05,5.26,5.08,0.12127894156560089,0.1422319474835886,44.21,48.34
70,70,25.06.2020,Chelsea,2 : 1,Manchester City,Завершен,england-premier-league-2019-2020,5.74,6.76,6.5,7.84,0.15025041736227046,0.18430034129692835,60.66,66.87
71,71,25.06.2020,Burnley,1 : 0,Watford,Завершен,england-premier-league-2019-2020,3.24,3.21,4.5,4.39,0.14473684210526316,0.11587485515643106,41.32,42.61
72,72,25.06.2020,Southampton,0 : 2,Arsenal,Завершен,england-premier-league-2019-2020,4.63,4.03,5.53,6.08,0.1381509032943677,0.1925545571245186,48.84,53.79
73,73,24.06.2020,Liverpool,4 : 0,Crystal Palace,Завершен,england-premier-league-2019-2020,6.05,3.13,6.76,4.66,0.19963702359346644,0.10796221322537113,63.03,44.61
74,74,24.06.2020,Manchester United,3 : 0,Sheffield United,Завершен,england-premier-league-2019-2020,5.39,3.05,5.37,5.58,0.16932270916334663,0.14450867052023122,55.87,42.97
75,75,24.06.2020,Newcastle United,1 : 1,Aston Villa,Завершен,england-premier-league-2019-2020,3.21,4.0,3.97,5.26,0.13280212483399734,0.12127894156560089,38.84,44.21
76,76,24.06.2020,Norwich City,0 : 1,Everton,Завершен,england-premier-league-2019-2020,3.21,4.18,4.26,5.34,0.0879396984924623,0.13840830449826988,49.21,48.84
77,77,24.06.2020,Wolverhampton,1 : 0,AFC Bournemouth,Завершен,england-premier-league-2019-2020,4.05,3.16,5.08,5.11,0.1422319474835886,0.14473684210526316,48.34,44.16
78,78,23.06.2020,Tottenham Hotspur,2 : 0,West Ham United,Завершен,england-premier-league-2019-2020,4.26,4.08,5.26,5.0,0.18058690744920997,0.16009852216748768,52.11,43.61
79,79,23.06.2020,Leicester City,0 : 0,Brighton,Завершен,england-premier-league-2019-2020,4.92,3.68,5.82,4.68,0.16838166510757716,0.1079913606911447,57.63,52.5
80,80,22.06.2020,Manchester City,5 : 0,Burnley,Завершен,england-premier-league-2019-2020,6.76,3.24,7.84,4.5,0.18430034129692835,0.14473684210526316,66.87,41.32
81,81,21.06.2020,Everton,0 : 0,Liverpool,Завершен,england-premier-league-2019-2020,4.18,6.05,5.34,6.76,0.13840830449826988,0.19963702359346644,48.84,63.03
82,82,21.06.2020,Aston Villa,1 : 2,Chelsea,Завершен,england-premier-league-2019-2020,4.0,5.74,5.26,6.5,0.12127894156560089,0.15025041736227046,44.21,60.66
83,83,21.06.2020,Newcastle United,3 : 0,Sheffield United,Завершен,england-premier-league-2019-2020,3.21,3.05,3.97,5.58,0.13280212483399734,0.14450867052023122,38.84,42.97
84,84,20.06.2020,AFC Bournemouth,0 : 2,Crystal Palace,Завершен,england-premier-league-2019-2020,3.16,3.13,5.11,4.66,0.14473684210526316,0.10796221322537113,44.16,44.61
85,85,20.06.2020,West Ham United,0 : 2,Wolverhampton,Завершен,england-premier-league-2019-2020,4.08,4.05,5.0,5.08,0.16009852216748768,0.1422319474835886,43.61,48.34
86,86,20.06.2020,Brighton,2 : 1,Arsenal,Завершен,england-premier-league-2019-2020,3.68,4.03,4.68,6.08,0.1079913606911447,0.1925545571245186,52.5,53.79
87,87,20.06.2020,Watford,1 : 1,Leicester City,Завершен,england-premier-league-2019-2020,3.21,4.92,4.39,5.82,0.11587485515643106,0.16838166510757716,42.61,57.63
88,88,19.06.2020,Tottenham Hotspur,1 : 1,Manchester United,Завершен,england-premier-league-2019-2020,4.26,5.39,5.26,5.37,0.18058690744920997,0.16932270916334663,52.11,55.87
89,89,19.06.2020,Norwich City,0 : 3,Southampton,Завершен,england-premier-league-2019-2020,3.21,4.63,4.26,5.53,0.0879396984924623,0.1381509032943677,49.21,48.84
90,90,09.03.2020,Leicester City,4 : 0,Aston Villa,Завершен,england-premier-league-2019-2020,4.92,4.0,5.82,5.26,0.16838166510757716,0.12127894156560089,57.63,44.21
91,91,08.03.2020,Manchester United,2 : 0,Manchester City,Завершен,england-premier-league-2019-2020,5.39,6.76,5.37,7.84,0.16932270916334663,0.18430034129692835,55.87,66.87
92,92,08.03.2020,Chelsea,4 : 0,Everton,Завершен,england-premier-league-2019-2020,5.74,4.18,6.5,5.34,0.15025041736227046,0.13840830449826988,60.66,48.84
93,93,07.03.2020,Burnley,1 : 1,Tottenham Hotspur,Завершен,england-premier-league-2019-2020,3.24,4.26,4.5,5.26,0.14473684210526316,0.18058690744920997,41.32,52.11
94,94,07.03.2020,Arsenal,1 : 0,West Ham United,Завершен,england-premier-league-2019-2020,4.03,4.08,6.08,5.0,0.1925545571245186,0.16009852216748768,53.79,43.61
95,95,07.03.2020,Crystal Palace,1 : 0,Watford,Завершен,england-premier-league-2019-2020,3.13,3.21,4.66,4.39,0.10796221322537113,0.11587485515643106,44.61,42.61
96,96,07.03.2020,Sheffield United,1 : 0,Norwich City,Завершен,england-premier-league-2019-2020,3.05,3.21,5.58,4.26,0.14450867052023122,0.0879396984924623,42.97,49.21
97,97,07.03.2020,Southampton,0 : 1,Newcastle United,Завершен,england-premier-league-2019-2020,4.63,3.21,5.53,3.97,0.1381509032943677,0.13280212483399734,48.84,38.84
98,98,07.03.2020,Wolverhampton,0 : 0,Brighton,Завершен,england-premier-league-2019-2020,4.05,3.68,5.08,4.68,0.1422319474835886,0.1079913606911447,48.34,52.5
99,99,07.03.2020,Liverpool,2 : 1,AFC Bournemouth,Завершен,england-premier-league-2019-2020,6.05,3.16,6.76,5.11,0.19963702359346644,0.14473684210526316,63.03,44.16
100,100,17.06.2020,Manchester City,3 : 0,Arsenal,Завершен,england-premier-league-2019-2020,6.76,4.03,7.84,6.08,0.18430034129692835,0.1925545571245186,66.87,53.79
101,101,17.06.2020,Aston Villa,0 : 0,Sheffield United,Завершен,england-premier-league-2019-2020,4.0,3.05,5.26,5.58,0.12127894156560089,0.14450867052023122,44.21,42.97
102,102,01.03.2020,Everton,1 : 1,Manchester United,Завершен,england-premier-league-2019-2020,4.18,5.39,5.34,5.37,0.13840830449826988,0.16932270916334663,48.84,55.87
103,103,01.03.2020,Tottenham Hotspur,2 : 3,Wolverhampton,Завершен,england-premier-league-2019-2020,4.26,4.05,5.26,5.08,0.18058690744920997,0.1422319474835886,52.11,48.34
104,104,29.02.2020,Watford,3 : 0,Liverpool,Завершен,england-premier-league-2019-2020,3.21,6.05,4.39,6.76,0.11587485515643106,0.19963702359346644,42.61,63.03
105,105,29.02.2020,AFC Bournemouth,2 : 2,Chelsea,Завершен,england-premier-league-2019-2020,3.16,5.74,5.11,6.5,0.14473684210526316,0.15025041736227046,44.16,60.66
106,106,29.02.2020,Newcastle United,0 : 0,Burnley,Завершен,england-premier-league-2019-2020,3.21,3.24,3.97,4.5,0.13280212483399734,0.14473684210526316,38.84,41.32
107,107,29.02.2020,West Ham United,3 : 1,Southampton,Завершен,england-premier-league-2019-2020,4.08,4.63,5.0,5.53,0.16009852216748768,0.1381509032943677,43.61,48.84
108,108,29.02.2020,Brighton,0 : 1,Crystal Palace,Завершен,england-premier-league-2019-2020,3.68,3.13,4.68,4.66,0.1079913606911447,0.10796221322537113,52.5,44.61
109,109,28.02.2020,Norwich City,1 : 0,Leicester City,Завершен,england-premier-league-2019-2020,3.21,4.92,4.26,5.82,0.0879396984924623,0.16838166510757716,49.21,57.63
110,110,24.02.2020,Liverpool,3 : 2,West Ham United,Завершен,england-premier-league-2019-2020,6.05,4.08,6.76,5.0,0.19963702359346644,0.16009852216748768,63.03,43.61
111,111,23.02.2020,Arsenal,3 : 2,Everton,Завершен,england-premier-league-2019-2020,4.03,4.18,6.08,5.34,0.1925545571245186,0.13840830449826988,53.79,48.84
112,112,23.02.2020,Manchester United,3 : 0,Watford,Завершен,england-premier-league-2019-2020,5.39,3.21,5.37,4.39,0.16932270916334663,0.11587485515643106,55.87,42.61
113,113,23.02.2020,Wolverhampton,3 : 0,Norwich City,Завершен,england-premier-league-2019-2020,4.05,3.21,5.08,4.26,0.1422319474835886,0.0879396984924623,48.34,49.21
114,114,22.02.2020,Leicester City,0 : 1,Manchester City,Завершен,england-premier-league-2019-2020,4.92,6.76,5.82,7.84,0.16838166510757716,0.18430034129692835,57.63,66.87
115,115,22.02.2020,Burnley,3 : 0,AFC Bournemouth,Завершен,england-premier-league-2019-2020,3.24,3.16,4.5,5.11,0.14473684210526316,0.14473684210526316,41.32,44.16
116,116,22.02.2020,Crystal Palace,1 : 0,Newcastle United,Завершен,england-premier-league-2019-2020,3.13,3.21,4.66,3.97,0.10796221322537113,0.13280212483399734,44.61,38.84
117,117,22.02.2020,Sheffield United,1 : 1,Brighton,Завершен,england-premier-league-2019-2020,3.05,3.68,5.58,4.68,0.14450867052023122,0.1079913606911447,42.97,52.5
118,118,22.02.2020,Southampton,2 : 0,Aston Villa,Завершен,england-premier-league-2019-2020,4.63,4.0,5.53,5.26,0.1381509032943677,0.12127894156560089,48.84,44.21
119,119,22.02.2020,Chelsea,2 : 1,Tottenham Hotspur,Завершен,england-premier-league-2019-2020,5.74,4.26,6.5,5.26,0.15025041736227046,0.18058690744920997,60.66,52.11
120,120,19.02.2020,Manchester City,2 : 0,West Ham United,Завершен,england-premier-league-2019-2020,6.76,4.08,7.84,5.0,0.18430034129692835,0.16009852216748768,66.87,43.61
121,121,17.02.2020,Chelsea,0 : 2,Manchester United,Завершен,england-premier-league-2019-2020,5.74,5.39,6.5,5.37,0.15025041736227046,0.16932270916334663,60.66,55.87
122,122,16.02.2020,Arsenal,4 : 0,Newcastle United,Завершен,england-premier-league-2019-2020,4.03,3.21,6.08,3.97,0.1925545571245186,0.13280212483399734,53.79,38.84
123,123,16.02.2020,Aston Villa,2 : 3,Tottenham Hotspur,Завершен,england-premier-league-2019-2020,4.0,4.26,5.26,5.26,0.12127894156560089,0.18058690744920997,44.21,52.11
124,124,15.02.2020,Norwich City,0 : 1,Liverpool,Завершен,england-premier-league-2019-2020,3.21,6.05,4.26,6.76,0.0879396984924623,0.19963702359346644,49.21,63.03
125,125,15.02.2020,Southampton,1 : 2,Burnley,Завершен,england-premier-league-2019-2020,4.63,3.24,5.53,4.5,0.1381509032943677,0.14473684210526316,48.84,41.32
126,126,14.02.2020,Wolverhampton,0 : 0,Leicester City,Завершен,england-premier-league-2019-2020,4.05,4.92,5.08,5.82,0.1422319474835886,0.16838166510757716,48.34,57.63
127,127,09.02.2020,Sheffield United,2 : 1,AFC Bournemouth,Завершен,england-premier-league-2019-2020,3.05,3.16,5.58,5.11,0.14450867052023122,0.14473684210526316,42.97,44.16
128,128,08.02.2020,Brighton,1 : 1,Watford,Завершен,england-premier-league-2019-2020,3.68,3.21,4.68,4.39,0.1079913606911447,0.11587485515643106,52.5,42.61
129,129,08.02.2020,Everton,3 : 1,Crystal Palace,Завершен,england-premier-league-2019-2020,4.18,3.13,5.34,4.66,0.13840830449826988,0.10796221322537113,48.84,44.61
130,130,02.02.2020,Tottenham Hotspur,2 : 0,Manchester City,Завершен,england-premier-league-2019-2020,4.26,6.76,5.26,7.84,0.18058690744920997,0.18430034129692835,52.11,66.87
131,131,02.02.2020,Burnley,0 : 0,Arsenal,Завершен,england-premier-league-2019-2020,3.24,4.03,4.5,6.08,0.14473684210526316,0.1925545571245186,41.32,53.79
132,132,01.02.2020,Manchester United,0 : 0,Wolverhampton,Завершен,england-premier-league-2019-2020,5.39,4.05,5.37,5.08,0.16932270916334663,0.1422319474835886,55.87,48.34
133,133,01.02.2020,AFC Bournemouth,2 : 1,Aston Villa,Завершен,england-premier-league-2019-2020,3.16,4.0,5.11,5.26,0.14473684210526316,0.12127894156560089,44.16,44.21
134,134,01.02.2020,Crystal Palace,0 : 1,Sheffield United,Завершен,england-premier-league-2019-2020,3.13,3.05,4.66,5.58,0.10796221322537113,0.14450867052023122,44.61,42.97
135,135,01.02.2020,Liverpool,4 : 0,Southampton,Завершен,england-premier-league-2019-2020,6.05,4.63,6.76,5.53,0.19963702359346644,0.1381509032943677,63.03,48.84
136,136,01.02.2020,Newcastle United,0 : 0,Norwich City,Завершен,england-premier-league-2019-2020,3.21,3.21,3.97,4.26,0.13280212483399734,0.0879396984924623,38.84,49.21
137,137,01.02.2020,Watford,2 : 3,Everton,Завершен,england-premier-league-2019-2020,3.21,4.18,4.39,5.34,0.11587485515643106,0.13840830449826988,42.61,48.84
138,138,01.02.2020,West Ham United,3 : 3,Brighton,Завершен,england-premier-league-2019-2020,4.08,3.68,5.0,4.68,0.16009852216748768,0.1079913606911447,43.61,52.5
139,139,01.02.2020,Leicester City,2 : 2,Chelsea,Завершен,england-premier-league-2019-2020,4.92,5.74,5.82,6.5,0.16838166510757716,0.15025041736227046,57.63,60.66
140,140,23.01.2020,Wolverhampton,1 : 2,Liverpool,Завершен,england-premier-league-2019-2020,4.05,6.05,5.08,6.76,0.1422319474835886,0.19963702359346644,48.34,63.03
141,141,22.01.2020,Manchester United,0 : 2,Burnley,Завершен,england-premier-league-2019-2020,5.39,3.24,5.37,4.5,0.16932270916334663,0.14473684210526316,55.87,41.32
142,142,22.01.2020,Leicester City,4 : 1,West Ham United,Завершен,england-premier-league-2019-2020,4.92,4.08,5.82,5.0,0.16838166510757716,0.16009852216748768,57.63,43.61
143,143,22.01.2020,Tottenham Hotspur,2 : 1,Norwich City,Завершен,england-premier-league-2019-2020,4.26,3.21,5.26,4.26,0.18058690744920997,0.0879396984924623,52.11,49.21
144,144,21.01.2020,Chelsea,2 : 2,Arsenal,Завершен,england-premier-league-2019-2020,5.74,4.03,6.5,6.08,0.15025041736227046,0.1925545571245186,60.66,53.79
145,145,21.01.2020,AFC Bournemouth,3 : 1,Brighton,Завершен,england-premier-league-2019-2020,3.16,3.68,5.11,4.68,0.14473684210526316,0.1079913606911447,44.16,52.5
146,146,21.01.2020,Aston Villa,2 : 1,Watford,Завершен,england-premier-league-2019-2020,4.0,3.21,5.26,4.39,0.12127894156560089,0.11587485515643106,44.21,42.61
147,147,21.01.2020,Everton,2 : 2,Newcastle United,Завершен,england-premier-league-2019-2020,4.18,3.21,5.34,3.97,0.13840830449826988,0.13280212483399734,48.84,38.84
148,148,21.01.2020,Sheffield United,0 : 1,Manchester City,Завершен,england-premier-league-2019-2020,3.05,6.76,5.58,7.84,0.14450867052023122,0.18430034129692835,42.97,66.87
149,149,21.01.2020,Crystal Palace,0 : 2,Southampton,Завершен,england-premier-league-2019-2020,3.13,4.63,4.66,5.53,0.10796221322537113,0.1381509032943677,44.61,48.84
150,150,19.01.2020,Liverpool,2 : 0,Manchester United,Завершен,england-premier-league-2019-2020,6.05,5.39,6.76,5.37,0.19963702359346644,0.16932270916334663,63.03,55.87
151,151,19.01.2020,Burnley,2 : 1,Leicester City,Завершен,england-premier-league-2019-2020,3.24,4.92,4.5,5.82,0.14473684210526316,0.16838166510757716,41.32,57.63
152,152,18.01.2020,Newcastle United,1 : 0,Chelsea,Завершен,england-premier-league-2019-2020,3.21,5.74,3.97,6.5,0.13280212483399734,0.15025041736227046,38.84,60.66
153,153,18.01.2020,Arsenal,1 : 1,Sheffield United,Завершен,england-premier-league-2019-2020,4.03,3.05,6.08,5.58,0.1925545571245186,0.14450867052023122,53.79,42.97
154,154,18.01.2020,Brighton,1 : 1,Aston Villa,Завершен,england-premier-league-2019-2020,3.68,4.0,4.68,5.26,0.1079913606911447,0.12127894156560089,52.5,44.21
155,155,18.01.2020,Manchester City,2 : 2,Crystal Palace,Завершен,england-premier-league-2019-2020,6.76,3.13,7.84,4.66,0.18430034129692835,0.10796221322537113,66.87,44.61
156,156,18.01.2020,Norwich City,1 : 0,AFC Bournemouth,Завершен,england-premier-league-2019-2020,3.21,3.16,4.26,5.11,0.0879396984924623,0.14473684210526316,49.21,44.16
157,157,18.01.2020,Southampton,2 : 3,Wolverhampton,Завершен,england-premier-league-2019-2020,4.63,4.05,5.53,5.08,0.1381509032943677,0.1422319474835886,48.84,48.34
158,158,18.01.2020,West Ham United,1 : 1,Everton,Завершен,england-premier-league-2019-2020,4.08,4.18,5.0,5.34,0.16009852216748768,0.13840830449826988,43.61,48.84
159,159,18.01.2020,Watford,0 : 0,Tottenham Hotspur,Завершен,england-premier-league-2019-2020,3.21,4.26,4.39,5.26,0.11587485515643106,0.18058690744920997,42.61,52.11
160,160,12.01.2020,Aston Villa,1 : 6,Manchester City,Завершен,england-premier-league-2019-2020,4.0,6.76,5.26,7.84,0.12127894156560089,0.18430034129692835,44.21,66.87
161,161,12.01.2020,AFC Bournemouth,0 : 3,Watford,Завершен,england-premier-league-2019-2020,3.16,3.21,5.11,4.39,0.14473684210526316,0.11587485515643106,44.16,42.61
162,162,11.01.2020,Tottenham Hotspur,0 : 1,Liverpool,Завершен,england-premier-league-2019-2020,4.26,6.05,5.26,6.76,0.18058690744920997,0.19963702359346644,52.11,63.03
163,163,11.01.2020,Chelsea,3 : 0,Burnley,Завершен,england-premier-league-2019-2020,5.74,3.24,6.5,4.5,0.15025041736227046,0.14473684210526316,60.66,41.32
164,164,11.01.2020,Everton,1 : 0,Brighton,Завершен,england-premier-league-2019-2020,4.18,3.68,5.34,4.68,0.13840830449826988,0.1079913606911447,48.84,52.5
165,165,11.01.2020,Leicester City,1 : 2,Southampton,Завершен,england-premier-league-2019-2020,4.92,4.63,5.82,5.53,0.16838166510757716,0.1381509032943677,57.63,48.84
166,166,11.01.2020,Manchester United,4 : 0,Norwich City,Завершен,england-premier-league-2019-2020,5.39,3.21,5.37,4.26,0.16932270916334663,0.0879396984924623,55.87,49.21
167,167,11.01.2020,Wolverhampton,1 : 1,Newcastle United,Завершен,england-premier-league-2019-2020,4.05,3.21,5.08,3.97,0.1422319474835886,0.13280212483399734,48.34,38.84
168,168,11.01.2020,Crystal Palace,1 : 1,Arsenal,Завершен,england-premier-league-2019-2020,3.13,4.03,4.66,6.08,0.10796221322537113,0.1925545571245186,44.61,53.79
169,169,10.01.2020,Sheffield United,1 : 0,West Ham United,Завершен,england-premier-league-2019-2020,3.05,4.08,5.58,5.0,0.14450867052023122,0.16009852216748768,42.97,43.61
170,170,02.01.2020,Liverpool,2 : 0,Sheffield United,Завершен,england-premier-league-2019-2020,6.05,3.05,6.76,5.58,0.19963702359346644,0.14450867052023122,63.03,42.97
171,171,01.01.2020,Arsenal,2 : 0,Manchester United,Завершен,england-premier-league-2019-2020,4.03,5.39,6.08,5.37,0.1925545571245186,0.16932270916334663,53.79,55.87
172,172,01.01.2020,Manchester City,2 : 1,Everton,Завершен,england-premier-league-2019-2020,6.76,4.18,7.84,5.34,0.18430034129692835,0.13840830449826988,66.87,48.84
173,173,01.01.2020,Norwich City,1 : 1,Crystal Palace,Завершен,england-premier-league-2019-2020,3.21,3.13,4.26,4.66,0.0879396984924623,0.10796221322537113,49.21,44.61
174,174,01.01.2020,West Ham United,4 : 0,AFC Bournemouth,Завершен,england-premier-league-2019-2020,4.08,3.16,5.0,5.11,0.16009852216748768,0.14473684210526316,43.61,44.16
175,175,01.01.2020,Newcastle United,0 : 3,Leicester City,Завершен,england-premier-league-2019-2020,3.21,4.92,3.97,5.82,0.13280212483399734,0.16838166510757716,38.84,57.63
176,176,01.01.2020,Southampton,1 : 0,Tottenham Hotspur,Завершен,england-premier-league-2019-2020,4.63,4.26,5.53,5.26,0.1381509032943677,0.18058690744920997,48.84,52.11
177,177,01.01.2020,Watford,2 : 1,Wolverhampton,Завершен,england-premier-league-2019-2020,3.21,4.05,4.39,5.08,0.11587485515643106,0.1422319474835886,42.61,48.34
178,178,01.01.2020,Brighton,1 : 1,Chelsea,Завершен,england-premier-league-2019-2020,3.68,5.74,4.68,6.5,0.1079913606911447,0.15025041736227046,52.5,60.66
179,179,01.01.2020,Burnley,1 : 2,Aston Villa,Завершен,england-premier-league-2019-2020,3.24,4.0,4.5,5.26,0.14473684210526316,0.12127894156560089,41.32,44.21
180,180,29.12.2019,Manchester City,2 : 0,Sheffield United,Завершен,england-premier-league-2019-2020,6.76,3.05,7.84,5.58,0.18430034129692835,0.14450867052023122,66.87,42.97
181,181,29.12.2019,Liverpool,1 : 0,Wolverhampton,Завершен,england-premier-league-2019-2020,6.05,4.05,6.76,5.08,0.19963702359346644,0.1422319474835886,63.03,48.34
182,182,29.12.2019,Arsenal,1 : 2,Chelsea,Завершен,england-premier-league-2019-2020,4.03,5.74,6.08,6.5,0.1925545571245186,0.15025041736227046,53.79,60.66
183,183,28.12.2019,Burnley,0 : 2,Manchester United,Завершен,england-premier-league-2019-2020,3.24,5.39,4.5,5.37,0.14473684210526316,0.16932270916334663,41.32,55.87
184,184,28.12.2019,Norwich City,2 : 2,Tottenham Hotspur,Завершен,england-premier-league-2019-2020,3.21,4.26,4.26,5.26,0.0879396984924623,0.18058690744920997,49.21,52.11
185,185,28.12.2019,West Ham United,1 : 2,Leicester City,Завершен,england-premier-league-2019-2020,4.08,4.92,5.0,5.82,0.16009852216748768,0.16838166510757716,43.61,57.63
186,186,28.12.2019,Newcastle United,1 : 2,Everton,Завершен,england-premier-league-2019-2020,3.21,4.18,3.97,5.34,0.13280212483399734,0.13840830449826988,38.84,48.84
187,187,28.12.2019,Southampton,1 : 1,Crystal Palace,Завершен,england-premier-league-2019-2020,4.63,3.13,5.53,4.66,0.1381509032943677,0.10796221322537113,48.84,44.61
188,188,28.12.2019,Watford,3 : 0,Aston Villa,Завершен,england-premier-league-2019-2020,3.21,4.0,4.39,5.26,0.11587485515643106,0.12127894156560089,42.61,44.21
189,189,28.12.2019,Brighton,2 : 0,AFC Bournemouth,Завершен,england-premier-league-2019-2020,3.68,3.16,4.68,5.11,0.1079913606911447,0.14473684210526316,52.5,44.16
190,190,27.12.2019,Wolverhampton,3 : 2,Manchester City,Завершен,england-premier-league-2019-2020,4.05,6.76,5.08,7.84,0.1422319474835886,0.18430034129692835,48.34,66.87
191,191,26.12.2019,Leicester City,0 : 4,Liverpool,Завершен,england-premier-league-2019-2020,4.92,6.05,5.82,6.76,0.16838166510757716,0.19963702359346644,57.63,63.03
192,192,26.12.2019,Manchester United,4 : 1,Newcastle United,Завершен,england-premier-league-2019-2020,5.39,3.21,5.37,3.97,0.16932270916334663,0.13280212483399734,55.87,38.84
193,193,26.12.2019,AFC Bournemouth,1 : 1,Arsenal,Завершен,england-premier-league-2019-2020,3.16,4.03,5.11,6.08,0.14473684210526316,0.1925545571245186,44.16,53.79
194,194,26.12.2019,Aston Villa,1 : 0,Norwich City,Завершен,england-premier-league-2019-2020,4.0,3.21,5.26,4.26,0.12127894156560089,0.0879396984924623,44.21,49.21
195,195,26.12.2019,Chelsea,0 : 2,Southampton,Завершен,england-premier-league-2019-2020,5.74,4.63,6.5,5.53,0.15025041736227046,0.1381509032943677,60.66,48.84
196,196,26.12.2019,Crystal Palace,2 : 1,West Ham United,Завершен,england-premier-league-2019-2020,3.13,4.08,4.66,5.0,0.10796221322537113,0.16009852216748768,44.61,43.61
197,197,26.12.2019,Everton,1 : 0,Burnley,Завершен,england-premier-league-2019-2020,4.18,3.24,5.34,4.5,0.13840830449826988,0.14473684210526316,48.84,41.32
198,198,26.12.2019,Sheffield United,1 : 1,Watford,Завершен,england-premier-league-2019-2020,3.05,3.21,5.58,4.39,0.14450867052023122,0.11587485515643106,42.97,42.61
199,199,26.12.2019,Tottenham Hotspur,2 : 1,Brighton,Завершен,england-premier-league-2019-2020,4.26,3.68,5.26,4.68,0.18058690744920997,0.1079913606911447,52.11,52.5
200,200,29.01.2020,West Ham United,0 : 2,Liverpool,Завершен,england-premier-league-2019-2020,4.08,6.05,5.0,6.76,0.16009852216748768,0.19963702359346644,43.61,63.03
201,201,22.12.2019,Tottenham Hotspur,0 : 2,Chelsea,Завершен,england-premier-league-2019-2020,4.26,5.74,5.26,6.5,0.18058690744920997,0.15025041736227046,52.11,60.66
202,202,22.12.2019,Watford,2 : 0,Manchester United,Завершен,england-premier-league-2019-2020,3.21,5.39,4.39,5.37,0.11587485515643106,0.16932270916334663,42.61,55.87
203,203,21.12.2019,Manchester City,3 : 1,Leicester City,Завершен,england-premier-league-2019-2020,6.76,4.92,7.84,5.82,0.18430034129692835,0.16838166510757716,66.87,57.63
204,204,21.12.2019,AFC Bournemouth,0 : 1,Burnley,Завершен,england-premier-league-2019-2020,3.16,3.24,5.11,4.5,0.14473684210526316,0.14473684210526316,44.16,41.32
205,205,21.12.2019,Aston Villa,1 : 3,Southampton,Завершен,england-premier-league-2019-2020,4.0,4.63,5.26,5.53,0.12127894156560089,0.1381509032943677,44.21,48.84
206,206,21.12.2019,Brighton,0 : 1,Sheffield United,Завершен,england-premier-league-2019-2020,3.68,3.05,4.68,5.58,0.1079913606911447,0.14450867052023122,52.5,42.97
207,207,21.12.2019,Newcastle United,1 : 0,Crystal Palace,Завершен,england-premier-league-2019-2020,3.21,3.13,3.97,4.66,0.13280212483399734,0.10796221322537113,38.84,44.61
208,208,21.12.2019,Norwich City,1 : 2,Wolverhampton,Завершен,england-premier-league-2019-2020,3.21,4.05,4.26,5.08,0.0879396984924623,0.1422319474835886,49.21,48.34
209,209,21.12.2019,Everton,0 : 0,Arsenal,Завершен,england-premier-league-2019-2020,4.18,4.03,5.34,6.08,0.13840830449826988,0.1925545571245186,48.84,53.79
210,210,16.12.2019,Crystal Palace,1 : 1,Brighton,Завершен,england-premier-league-2019-2020,3.13,3.68,4.66,4.68,0.10796221322537113,0.1079913606911447,44.61,52.5
211,211,15.12.2019,Arsenal,0 : 3,Manchester City,Завершен,england-premier-league-2019-2020,4.03,6.76,6.08,7.84,0.1925545571245186,0.18430034129692835,53.79,66.87
212,212,15.12.2019,Manchester United,1 : 1,Everton,Завершен,england-premier-league-2019-2020,5.39,4.18,5.37,5.34,0.16932270916334663,0.13840830449826988,55.87,48.84
213,213,15.12.2019,Wolverhampton,1 : 2,Tottenham Hotspur,Завершен,england-premier-league-2019-2020,4.05,4.26,5.08,5.26,0.1422319474835886,0.18058690744920997,48.34,52.11
214,214,14.12.2019,Southampton,0 : 1,West Ham United,Завершен,england-premier-league-2019-2020,4.63,4.08,5.53,5.0,0.1381509032943677,0.16009852216748768,48.84,43.61
215,215,14.12.2019,Burnley,1 : 0,Newcastle United,Завершен,england-premier-league-2019-2020,3.24,3.21,4.5,3.97,0.14473684210526316,0.13280212483399734,41.32,38.84
216,216,14.12.2019,Chelsea,0 : 1,AFC Bournemouth,Завершен,england-premier-league-2019-2020,5.74,3.16,6.5,5.11,0.15025041736227046,0.14473684210526316,60.66,44.16
217,217,14.12.2019,Leicester City,1 : 1,Norwich City,Завершен,england-premier-league-2019-2020,4.92,3.21,5.82,4.26,0.16838166510757716,0.0879396984924623,57.63,49.21
218,218,14.12.2019,Sheffield United,2 : 0,Aston Villa,Завершен,england-premier-league-2019-2020,3.05,4.0,5.58,5.26,0.14450867052023122,0.12127894156560089,42.97,44.21
219,219,14.12.2019,Liverpool,2 : 0,Watford,Завершен,england-premier-league-2019-2020,6.05,3.21,6.76,4.39,0.19963702359346644,0.11587485515643106,63.03,42.61
220,220,09.12.2019,West Ham United,1 : 3,Arsenal,Завершен,england-premier-league-2019-2020,4.08,4.03,5.0,6.08,0.16009852216748768,0.1925545571245186,43.61,53.79
221,221,08.12.2019,Brighton,2 : 2,Wolverhampton,Завершен,england-premier-league-2019-2020,3.68,4.05,4.68,5.08,0.1079913606911447,0.1422319474835886,52.5,48.34
222,222,08.12.2019,Aston Villa,1 : 4,Leicester City,Завершен,england-premier-league-2019-2020,4.0,4.92,5.26,5.82,0.12127894156560089,0.16838166510757716,44.21,57.63
223,223,08.12.2019,Newcastle United,2 : 1,Southampton,Завершен,england-premier-league-2019-2020,3.21,4.63,3.97,5.53,0.13280212483399734,0.1381509032943677,38.84,48.84
224,224,08.12.2019,Norwich City,1 : 2,Sheffield United,Завершен,england-premier-league-2019-2020,3.21,3.05,4.26,5.58,0.0879396984924623,0.14450867052023122,49.21,42.97
225,225,07.12.2019,Manchester City,1 : 2,Manchester United,Завершен,england-premier-league-2019-2020,6.76,5.39,7.84,5.37,0.18430034129692835,0.16932270916334663,66.87,55.87
226,226,07.12.2019,AFC Bournemouth,0 : 3,Liverpool,Завершен,england-premier-league-2019-2020,3.16,6.05,5.11,6.76,0.14473684210526316,0.19963702359346644,44.16,63.03
227,227,07.12.2019,Tottenham Hotspur,5 : 0,Burnley,Завершен,england-premier-league-2019-2020,4.26,3.24,5.26,4.5,0.18058690744920997,0.14473684210526316,52.11,41.32
228,228,07.12.2019,Watford,0 : 0,Crystal Palace,Завершен,england-premier-league-2019-2020,3.21,3.13,4.39,4.66,0.11587485515643106,0.10796221322537113,42.61,44.61
229,229,07.12.2019,Everton,3 : 1,Chelsea,Завершен,england-premier-league-2019-2020,4.18,5.74,5.34,6.5,0.13840830449826988,0.15025041736227046,48.84,60.66
230,230,05.12.2019,Arsenal,1 : 2,Brighton,Завершен,england-premier-league-2019-2020,4.03,3.68,6.08,4.68,0.1925545571245186,0.1079913606911447,53.79,52.5
231,231,05.12.2019,Sheffield United,0 : 2,Newcastle United,Завершен,england-premier-league-2019-2020,3.05,3.21,5.58,3.97,0.14450867052023122,0.13280212483399734,42.97,38.84
232,232,04.12.2019,Liverpool,5 : 2,Everton,Завершен,england-premier-league-2019-2020,6.05,4.18,6.76,5.34,0.19963702359346644,0.13840830449826988,63.03,48.84
233,233,04.12.2019,Leicester City,2 : 0,Watford,Завершен,england-premier-league-2019-2020,4.92,3.21,5.82,4.39,0.16838166510757716,0.11587485515643106,57.63,42.61
234,234,04.12.2019,Wolverhampton,2 : 0,West Ham United,Завершен,england-premier-league-2019-2020,4.05,4.08,5.08,5.0,0.1422319474835886,0.16009852216748768,48.34,43.61
235,235,04.12.2019,Manchester United,2 : 1,Tottenham Hotspur,Завершен,england-premier-league-2019-2020,5.39,4.26,5.37,5.26,0.16932270916334663,0.18058690744920997,55.87,52.11
236,236,04.12.2019,Chelsea,2 : 1,Aston Villa,Завершен,england-premier-league-2019-2020,5.74,4.0,6.5,5.26,0.15025041736227046,0.12127894156560089,60.66,44.21
237,237,04.12.2019,Southampton,2 : 1,Norwich City,Завершен,england-premier-league-2019-2020,4.63,3.21,5.53,4.26,0.1381509032943677,0.0879396984924623,48.84,49.21
238,238,03.12.2019,Burnley,1 : 4,Manchester City,Завершен,england-premier-league-2019-2020,3.24,6.76,4.5,7.84,0.14473684210526316,0.18430034129692835,41.32,66.87
239,239,03.12.2019,Crystal Palace,1 : 0,AFC Bournemouth,Завершен,england-premier-league-2019-2020,3.13,3.16,4.66,5.11,0.10796221322537113,0.14473684210526316,44.61,44.16
240,240,01.12.2019,Leicester City,2 : 1,Everton,Завершен,england-premier-league-2019-2020,4.92,4.18,5.82,5.34,0.16838166510757716,0.13840830449826988,57.63,48.84
241,241,01.12.2019,Manchester United,2 : 2,Aston Villa,Завершен,england-premier-league-2019-2020,5.39,4.0,5.37,5.26,0.16932270916334663,0.12127894156560089,55.87,44.21
242,242,01.12.2019,Norwich City,2 : 2,Arsenal,Завершен,england-premier-league-2019-2020,3.21,4.03,4.26,6.08,0.0879396984924623,0.1925545571245186,49.21,53.79
243,243,01.12.2019,Wolverhampton,1 : 1,Sheffield United,Завершен,england-premier-league-2019-2020,4.05,3.05,5.08,5.58,0.1422319474835886,0.14450867052023122,48.34,42.97
244,244,30.11.2019,Southampton,2 : 1,Watford,Завершен,england-premier-league-2019-2020,4.63,3.21,5.53,4.39,0.1381509032943677,0.11587485515643106,48.84,42.61
245,245,30.11.2019,Burnley,0 : 2,Crystal Palace,Завершен,england-premier-league-2019-2020,3.24,3.13,4.5,4.66,0.14473684210526316,0.10796221322537113,41.32,44.61
246,246,30.11.2019,Chelsea,0 : 1,West Ham United,Завершен,england-premier-league-2019-2020,5.74,4.08,6.5,5.0,0.15025041736227046,0.16009852216748768,60.66,43.61
247,247,30.11.2019,Liverpool,2 : 1,Brighton,Завершен,england-premier-league-2019-2020,6.05,3.68,6.76,4.68,0.19963702359346644,0.1079913606911447,63.03,52.5
248,248,30.11.2019,Tottenham Hotspur,3 : 2,AFC Bournemouth,Завершен,england-premier-league-2019-2020,4.26,3.16,5.26,5.11,0.18058690744920997,0.14473684210526316,52.11,44.16
249,249,30.11.2019,Newcastle United,2 : 2,Manchester City,Завершен,england-premier-league-2019-2020,3.21,6.76,3.97,7.84,0.13280212483399734,0.18430034129692835,38.84,66.87
250,250,25.11.2019,Aston Villa,2 : 0,Newcastle United,Завершен,england-premier-league-2019-2020,4.0,3.21,5.26,3.97,0.12127894156560089,0.13280212483399734,44.21,38.84
251,251,24.11.2019,Sheffield United,3 : 3,Manchester United,Завершен,england-premier-league-2019-2020,3.05,5.39,5.58,5.37,0.14450867052023122,0.16932270916334663,42.97,55.87
252,252,23.11.2019,Manchester City,2 : 1,Chelsea,Завершен,england-premier-league-2019-2020,6.76,5.74,7.84,6.5,0.18430034129692835,0.15025041736227046,66.87,60.66
253,253,23.11.2019,AFC Bournemouth,1 : 2,Wolverhampton,Завершен,england-premier-league-2019-2020,3.16,4.05,5.11,5.08,0.14473684210526316,0.1422319474835886,44.16,48.34
254,254,23.11.2019,Arsenal,2 : 2,Southampton,Завершен,england-premier-league-2019-2020,4.03,4.63,6.08,5.53,0.1925545571245186,0.1381509032943677,53.79,48.84
255,255,23.11.2019,Brighton,0 : 2,Leicester City,Завершен,england-premier-league-2019-2020,3.68,4.92,4.68,5.82,0.1079913606911447,0.16838166510757716,52.5,57.63
256,256,23.11.2019,Crystal Palace,1 : 2,Liverpool,Завершен,england-premier-league-2019-2020,3.13,6.05,4.66,6.76,0.10796221322537113,0.19963702359346644,44.61,63.03
257,257,23.11.2019,Everton,0 : 2,Norwich City,Завершен,england-premier-league-2019-2020,4.18,3.21,5.34,4.26,0.13840830449826988,0.0879396984924623,48.84,49.21
258,258,23.11.2019,Watford,0 : 3,Burnley,Завершен,england-premier-league-2019-2020,3.21,3.24,4.39,4.5,0.11587485515643106,0.14473684210526316,42.61,41.32
259,259,23.11.2019,West Ham United,2 : 3,Tottenham Hotspur,Завершен,england-premier-league-2019-2020,4.08,4.26,5.0,5.26,0.16009852216748768,0.18058690744920997,43.61,52.11
260,260,10.11.2019,Liverpool,3 : 1,Manchester City,Завершен,england-premier-league-2019-2020,6.05,6.76,6.76,7.84,0.19963702359346644,0.18430034129692835,63.03,66.87
261,261,10.11.2019,Manchester United,3 : 1,Brighton,Завершен,england-premier-league-2019-2020,5.39,3.68,5.37,4.68,0.16932270916334663,0.1079913606911447,55.87,52.5
262,262,10.11.2019,Wolverhampton,2 : 1,Aston Villa,Завершен,england-premier-league-2019-2020,4.05,4.0,5.08,5.26,0.1422319474835886,0.12127894156560089,48.34,44.21
263,263,09.11.2019,Leicester City,2 : 0,Arsenal,Завершен,england-premier-league-2019-2020,4.92,4.03,5.82,6.08,0.16838166510757716,0.1925545571245186,57.63,53.79
264,264,09.11.2019,Burnley,3 : 0,West Ham United,Завершен,england-premier-league-2019-2020,3.24,4.08,4.5,5.0,0.14473684210526316,0.16009852216748768,41.32,43.61
265,265,09.11.2019,Newcastle United,2 : 1,AFC Bournemouth,Завершен,england-premier-league-2019-2020,3.21,3.16,3.97,5.11,0.13280212483399734,0.14473684210526316,38.84,44.16
266,266,09.11.2019,Southampton,1 : 2,Everton,Завершен,england-premier-league-2019-2020,4.63,4.18,5.53,5.34,0.1381509032943677,0.13840830449826988,48.84,48.84
267,267,09.11.2019,Tottenham Hotspur,1 : 1,Sheffield United,Завершен,england-premier-league-2019-2020,4.26,3.05,5.26,5.58,0.18058690744920997,0.14450867052023122,52.11,42.97
268,268,09.11.2019,Chelsea,2 : 0,Crystal Palace,Завершен,england-premier-league-2019-2020,5.74,3.13,6.5,4.66,0.15025041736227046,0.10796221322537113,60.66,44.61
269,269,08.11.2019,Norwich City,0 : 2,Watford,Завершен,england-premier-league-2019-2020,3.21,3.21,4.26,4.39,0.0879396984924623,0.11587485515643106,49.21,42.61
270,270,03.11.2019,Everton,1 : 1,Tottenham Hotspur,Завершен,england-premier-league-2019-2020,4.18,4.26,5.34,5.26,0.13840830449826988,0.18058690744920997,48.84,52.11
271,271,03.11.2019,Crystal Palace,0 : 2,Leicester City,Завершен,england-premier-league-2019-2020,3.13,4.92,4.66,5.82,0.10796221322537113,0.16838166510757716,44.61,57.63
272,272,02.11.2019,Watford,1 : 2,Chelsea,Завершен,england-premier-league-2019-2020,3.21,5.74,4.39,6.5,0.11587485515643106,0.15025041736227046,42.61,60.66
273,273,02.11.2019,Arsenal,1 : 1,Wolverhampton,Завершен,england-premier-league-2019-2020,4.03,4.05,6.08,5.08,0.1925545571245186,0.1422319474835886,53.79,48.34
274,274,02.11.2019,Aston Villa,1 : 2,Liverpool,Завершен,england-premier-league-2019-2020,4.0,6.05,5.26,6.76,0.12127894156560089,0.19963702359346644,44.21,63.03
275,275,02.11.2019,Brighton,2 : 0,Norwich City,Завершен,england-premier-league-2019-2020,3.68,3.21,4.68,4.26,0.1079913606911447,0.0879396984924623,52.5,49.21
276,276,02.11.2019,Manchester City,2 : 1,Southampton,Завершен,england-premier-league-2019-2020,6.76,4.63,7.84,5.53,0.18430034129692835,0.1381509032943677,66.87,48.84
277,277,02.11.2019,Sheffield United,3 : 0,Burnley,Завершен,england-premier-league-2019-2020,3.05,3.24,5.58,4.5,0.14450867052023122,0.14473684210526316,42.97,41.32
278,278,02.11.2019,West Ham United,2 : 3,Newcastle United,Завершен,england-premier-league-2019-2020,4.08,3.21,5.0,3.97,0.16009852216748768,0.13280212483399734,43.61,38.84
279,279,02.11.2019,AFC Bournemouth,1 : 0,Manchester United,Завершен,england-premier-league-2019-2020,3.16,5.39,5.11,5.37,0.14473684210526316,0.16932270916334663,44.16,55.87
280,280,27.10.2019,Arsenal,2 : 2,Crystal Palace,Завершен,england-premier-league-2019-2020,4.03,3.13,6.08,4.66,0.1925545571245186,0.10796221322537113,53.79,44.61
281,281,27.10.2019,Liverpool,2 : 1,Tottenham Hotspur,Завершен,england-premier-league-2019-2020,6.05,4.26,6.76,5.26,0.19963702359346644,0.18058690744920997,63.03,52.11
282,282,27.10.2019,Norwich City,1 : 3,Manchester United,Завершен,england-premier-league-2019-2020,3.21,5.39,4.26,5.37,0.0879396984924623,0.16932270916334663,49.21,55.87
283,283,27.10.2019,Newcastle United,1 : 1,Wolverhampton,Завершен,england-premier-league-2019-2020,3.21,4.05,3.97,5.08,0.13280212483399734,0.1422319474835886,38.84,48.34
284,284,26.10.2019,Burnley,2 : 4,Chelsea,Завершен,england-premier-league-2019-2020,3.24,5.74,4.5,6.5,0.14473684210526316,0.15025041736227046,41.32,60.66
285,285,26.10.2019,Brighton,3 : 2,Everton,Завершен,england-premier-league-2019-2020,3.68,4.18,4.68,5.34,0.1079913606911447,0.13840830449826988,52.5,48.84
286,286,26.10.2019,Watford,0 : 0,AFC Bournemouth,Завершен,england-premier-league-2019-2020,3.21,3.16,4.39,5.11,0.11587485515643106,0.14473684210526316,42.61,44.16
287,287,26.10.2019,West Ham United,1 : 1,Sheffield United,Завершен,england-premier-league-2019-2020,4.08,3.05,5.0,5.58,0.16009852216748768,0.14450867052023122,43.61,42.97
288,288,26.10.2019,Manchester City,3 : 0,Aston Villa,Завершен,england-premier-league-2019-2020,6.76,4.0,7.84,5.26,0.18430034129692835,0.12127894156560089,66.87,44.21
289,289,25.10.2019,Southampton,0 : 9,Leicester City,Завершен,england-premier-league-2019-2020,4.63,4.92,5.53,5.82,0.1381509032943677,0.16838166510757716,48.84,57.63
290,290,21.10.2019,Sheffield United,1 : 0,Arsenal,Завершен,england-premier-league-2019-2020,3.05,4.03,5.58,6.08,0.14450867052023122,0.1925545571245186,42.97,53.79
291,291,20.10.2019,Manchester United,1 : 1,Liverpool,Завершен,england-premier-league-2019-2020,5.39,6.05,5.37,6.76,0.16932270916334663,0.19963702359346644,55.87,63.03
292,292,19.10.2019,Crystal Palace,0 : 2,Manchester City,Завершен,england-premier-league-2019-2020,3.13,6.76,4.66,7.84,0.10796221322537113,0.18430034129692835,44.61,66.87
293,293,19.10.2019,AFC Bournemouth,0 : 0,Norwich City,Завершен,england-premier-league-2019-2020,3.16,3.21,5.11,4.26,0.14473684210526316,0.0879396984924623,44.16,49.21
294,294,19.10.2019,Aston Villa,2 : 1,Brighton,Завершен,england-premier-league-2019-2020,4.0,3.68,5.26,4.68,0.12127894156560089,0.1079913606911447,44.21,52.5
295,295,19.10.2019,Chelsea,1 : 0,Newcastle United,Завершен,england-premier-league-2019-2020,5.74,3.21,6.5,3.97,0.15025041736227046,0.13280212483399734,60.66,38.84
296,296,19.10.2019,Leicester City,2 : 1,Burnley,Завершен,england-premier-league-2019-2020,4.92,3.24,5.82,4.5,0.16838166510757716,0.14473684210526316,57.63,41.32
297,297,19.10.2019,Tottenham Hotspur,1 : 1,Watford,Завершен,england-premier-league-2019-2020,4.26,3.21,5.26,4.39,0.18058690744920997,0.11587485515643106,52.11,42.61
298,298,19.10.2019,Wolverhampton,1 : 1,Southampton,Завершен,england-premier-league-2019-2020,4.05,4.63,5.08,5.53,0.1422319474835886,0.1381509032943677,48.34,48.84
299,299,19.10.2019,Everton,2 : 0,West Ham United,Завершен,england-premier-league-2019-2020,4.18,4.08,5.34,5.0,0.13840830449826988,0.16009852216748768,48.84,43.61
300,300,06.10.2019,Newcastle United,1 : 0,Manchester United,Завершен,england-premier-league-2019-2020,3.21,5.39,3.97,5.37,0.13280212483399734,0.16932270916334663,38.84,55.87
301,301,06.10.2019,Arsenal,1 : 0,AFC Bournemouth,Завершен,england-premier-league-2019-2020,4.03,3.16,6.08,5.11,0.1925545571245186,0.14473684210526316,53.79,44.16
302,302,06.10.2019,Manchester City,0 : 2,Wolverhampton,Завершен,england-premier-league-2019-2020,6.76,4.05,7.84,5.08,0.18430034129692835,0.1422319474835886,66.87,48.34
303,303,06.10.2019,Southampton,1 : 4,Chelsea,Завершен,england-premier-league-2019-2020,4.63,5.74,5.53,6.5,0.1381509032943677,0.15025041736227046,48.84,60.66
304,304,05.10.2019,West Ham United,1 : 2,Crystal Palace,Завершен,england-premier-league-2019-2020,4.08,3.13,5.0,4.66,0.16009852216748768,0.10796221322537113,43.61,44.61
305,305,05.10.2019,Burnley,1 : 0,Everton,Завершен,england-premier-league-2019-2020,3.24,4.18,4.5,5.34,0.14473684210526316,0.13840830449826988,41.32,48.84
306,306,05.10.2019,Liverpool,2 : 1,Leicester City,Завершен,england-premier-league-2019-2020,6.05,4.92,6.76,5.82,0.19963702359346644,0.16838166510757716,63.03,57.63
307,307,05.10.2019,Norwich City,1 : 5,Aston Villa,Завершен,england-premier-league-2019-2020,3.21,4.0,4.26,5.26,0.0879396984924623,0.12127894156560089,49.21,44.21
308,308,05.10.2019,Watford,0 : 0,Sheffield United,Завершен,england-premier-league-2019-2020,3.21,3.05,4.39,5.58,0.11587485515643106,0.14450867052023122,42.61,42.97
309,309,05.10.2019,Brighton,3 : 0,Tottenham Hotspur,Завершен,england-premier-league-2019-2020,3.68,4.26,4.68,5.26,0.1079913606911447,0.18058690744920997,52.5,52.11
310,310,30.09.2019,Manchester United,1 : 1,Arsenal,Завершен,england-premier-league-2019-2020,5.39,4.03,5.37,6.08,0.16932270916334663,0.1925545571245186,55.87,53.79
311,311,29.09.2019,Leicester City,5 : 0,Newcastle United,Завершен,england-premier-league-2019-2020,4.92,3.21,5.82,3.97,0.16838166510757716,0.13280212483399734,57.63,38.84
312,312,28.09.2019,Everton,1 : 3,Manchester City,Завершен,england-premier-league-2019-2020,4.18,6.76,5.34,7.84,0.13840830449826988,0.18430034129692835,48.84,66.87
313,313,28.09.2019,AFC Bournemouth,2 : 2,West Ham United,Завершен,england-premier-league-2019-2020,3.16,4.08,5.11,5.0,0.14473684210526316,0.16009852216748768,44.16,43.61
314,314,28.09.2019,Aston Villa,2 : 2,Burnley,Завершен,england-premier-league-2019-2020,4.0,3.24,5.26,4.5,0.12127894156560089,0.14473684210526316,44.21,41.32
315,315,28.09.2019,Chelsea,2 : 0,Brighton,Завершен,england-premier-league-2019-2020,5.74,3.68,6.5,4.68,0.15025041736227046,0.1079913606911447,60.66,52.5
316,316,28.09.2019,Crystal Palace,2 : 0,Norwich City,Завершен,england-premier-league-2019-2020,3.13,3.21,4.66,4.26,0.10796221322537113,0.0879396984924623,44.61,49.21
317,317,28.09.2019,Tottenham Hotspur,2 : 1,Southampton,Завершен,england-premier-league-2019-2020,4.26,4.63,5.26,5.53,0.18058690744920997,0.1381509032943677,52.11,48.84
318,318,28.09.2019,Wolverhampton,2 : 0,Watford,Завершен,england-premier-league-2019-2020,4.05,3.21,5.08,4.39,0.1422319474835886,0.11587485515643106,48.34,42.61
319,319,28.09.2019,Sheffield United,0 : 1,Liverpool,Завершен,england-premier-league-2019-2020,3.05,6.05,5.58,6.76,0.14450867052023122,0.19963702359346644,42.97,63.03
320,320,22.09.2019,Arsenal,3 : 2,Aston Villa,Завершен,england-premier-league-2019-2020,4.03,4.0,6.08,5.26,0.1925545571245186,0.12127894156560089,53.79,44.21
321,321,22.09.2019,Chelsea,1 : 2,Liverpool,Завершен,england-premier-league-2019-2020,5.74,6.05,6.5,6.76,0.15025041736227046,0.19963702359346644,60.66,63.03
322,322,22.09.2019,Crystal Palace,1 : 1,Wolverhampton,Завершен,england-premier-league-2019-2020,3.13,4.05,4.66,5.08,0.10796221322537113,0.1422319474835886,44.61,48.34
323,323,22.09.2019,West Ham United,2 : 0,Manchester United,Завершен,england-premier-league-2019-2020,4.08,5.39,5.0,5.37,0.16009852216748768,0.16932270916334663,43.61,55.87
324,324,21.09.2019,Newcastle United,0 : 0,Brighton,Завершен,england-premier-league-2019-2020,3.21,3.68,3.97,4.68,0.13280212483399734,0.1079913606911447,38.84,52.5
325,325,21.09.2019,Burnley,2 : 0,Norwich City,Завершен,england-premier-league-2019-2020,3.24,3.21,4.5,4.26,0.14473684210526316,0.0879396984924623,41.32,49.21
326,326,21.09.2019,Everton,0 : 2,Sheffield United,Завершен,england-premier-league-2019-2020,4.18,3.05,5.34,5.58,0.13840830449826988,0.14450867052023122,48.84,42.97
327,327,21.09.2019,Manchester City,8 : 0,Watford,Завершен,england-premier-league-2019-2020,6.76,3.21,7.84,4.39,0.18430034129692835,0.11587485515643106,66.87,42.61
328,328,21.09.2019,Leicester City,2 : 1,Tottenham Hotspur,Завершен,england-premier-league-2019-2020,4.92,4.26,5.82,5.26,0.16838166510757716,0.18058690744920997,57.63,52.11
329,329,20.09.2019,Southampton,1 : 3,AFC Bournemouth,Завершен,england-premier-league-2019-2020,4.63,3.16,5.53,5.11,0.1381509032943677,0.14473684210526316,48.84,44.16
330,330,16.09.2019,Aston Villa,0 : 0,West Ham United,Завершен,england-premier-league-2019-2020,4.0,4.08,5.26,5.0,0.12127894156560089,0.16009852216748768,44.21,43.61
331,331,15.09.2019,Watford,2 : 2,Arsenal,Завершен,england-premier-league-2019-2020,3.21,4.03,4.39,6.08,0.11587485515643106,0.1925545571245186,42.61,53.79
332,332,15.09.2019,AFC Bournemouth,3 : 1,Everton,Завершен,england-premier-league-2019-2020,3.16,4.18,5.11,5.34,0.14473684210526316,0.13840830449826988,44.16,48.84
333,333,14.09.2019,Norwich City,3 : 2,Manchester City,Завершен,england-premier-league-2019-2020,3.21,6.76,4.26,7.84,0.0879396984924623,0.18430034129692835,49.21,66.87
334,334,14.09.2019,Brighton,1 : 1,Burnley,Завершен,england-premier-league-2019-2020,3.68,3.24,4.68,4.5,0.1079913606911447,0.14473684210526316,52.5,41.32
335,335,14.09.2019,Manchester United,1 : 0,Leicester City,Завершен,england-premier-league-2019-2020,5.39,4.92,5.37,5.82,0.16932270916334663,0.16838166510757716,55.87,57.63
336,336,14.09.2019,Sheffield United,0 : 1,Southampton,Завершен,england-premier-league-2019-2020,3.05,4.63,5.58,5.53,0.14450867052023122,0.1381509032943677,42.97,48.84
337,337,14.09.2019,Tottenham Hotspur,4 : 0,Crystal Palace,Завершен,england-premier-league-2019-2020,4.26,3.13,5.26,4.66,0.18058690744920997,0.10796221322537113,52.11,44.61
338,338,14.09.2019,Wolverhampton,2 : 5,Chelsea,Завершен,england-premier-league-2019-2020,4.05,5.74,5.08,6.5,0.1422319474835886,0.15025041736227046,48.34,60.66
339,339,14.09.2019,Liverpool,3 : 1,Newcastle United,Завершен,england-premier-league-2019-2020,6.05,3.21,6.76,3.97,0.19963702359346644,0.13280212483399734,63.03,38.84
340,340,01.09.2019,Arsenal,2 : 2,Tottenham Hotspur,Завершен,england-premier-league-2019-2020,4.03,4.26,6.08,5.26,0.1925545571245186,0.18058690744920997,53.79,52.11
341,341,01.09.2019,Everton,3 : 2,Wolverhampton,Завершен,england-premier-league-2019-2020,4.18,4.05,5.34,5.08,0.13840830449826988,0.1422319474835886,48.84,48.34
342,342,31.08.2019,Burnley,0 : 3,Liverpool,Завершен,england-premier-league-2019-2020,3.24,6.05,4.5,6.76,0.14473684210526316,0.19963702359346644,41.32,63.03
343,343,31.08.2019,Chelsea,2 : 2,Sheffield United,Завершен,england-premier-league-2019-2020,5.74,3.05,6.5,5.58,0.15025041736227046,0.14450867052023122,60.66,42.97
344,344,31.08.2019,Crystal Palace,1 : 0,Aston Villa,Завершен,england-premier-league-2019-2020,3.13,4.0,4.66,5.26,0.10796221322537113,0.12127894156560089,44.61,44.21
345,345,31.08.2019,Leicester City,3 : 1,AFC Bournemouth,Завершен,england-premier-league-2019-2020,4.92,3.16,5.82,5.11,0.16838166510757716,0.14473684210526316,57.63,44.16
346,346,31.08.2019,Manchester City,4 : 0,Brighton,Завершен,england-premier-league-2019-2020,6.76,3.68,7.84,4.68,0.18430034129692835,0.1079913606911447,66.87,52.5
347,347,31.08.2019,Newcastle United,1 : 1,Watford,Завершен,england-premier-league-2019-2020,3.21,3.21,3.97,4.39,0.13280212483399734,0.11587485515643106,38.84,42.61
348,348,31.08.2019,West Ham United,2 : 0,Norwich City,Завершен,england-premier-league-2019-2020,4.08,3.21,5.0,4.26,0.16009852216748768,0.0879396984924623,43.61,49.21
349,349,31.08.2019,Southampton,1 : 1,Manchester United,Завершен,england-premier-league-2019-2020,4.63,5.39,5.53,5.37,0.1381509032943677,0.16932270916334663,48.84,55.87
350,350,25.08.2019,Tottenham Hotspur,0 : 1,Newcastle United,Завершен,england-premier-league-2019-2020,4.26,3.21,5.26,3.97,0.18058690744920997,0.13280212483399734,52.11,38.84
351,351,25.08.2019,Wolverhampton,1 : 1,Burnley,Завершен,england-premier-league-2019-2020,4.05,3.24,5.08,4.5,0.1422319474835886,0.14473684210526316,48.34,41.32
352,352,25.08.2019,AFC Bournemouth,1 : 3,Manchester City,Завершен,england-premier-league-2019-2020,3.16,6.76,5.11,7.84,0.14473684210526316,0.18430034129692835,44.16,66.87
353,353,24.08.2019,Liverpool,3 : 1,Arsenal,Завершен,england-premier-league-2019-2020,6.05,4.03,6.76,6.08,0.19963702359346644,0.1925545571245186,63.03,53.79
354,354,24.08.2019,Brighton,0 : 2,Southampton,Завершен,england-premier-league-2019-2020,3.68,4.63,4.68,5.53,0.1079913606911447,0.1381509032943677,52.5,48.84
355,355,24.08.2019,Manchester United,1 : 2,Crystal Palace,Завершен,england-premier-league-2019-2020,5.39,3.13,5.37,4.66,0.16932270916334663,0.10796221322537113,55.87,44.61
356,356,24.08.2019,Sheffield United,1 : 2,Leicester City,Завершен,england-premier-league-2019-2020,3.05,4.92,5.58,5.82,0.14450867052023122,0.16838166510757716,42.97,57.63
357,357,24.08.2019,Watford,1 : 3,West Ham United,Завершен,england-premier-league-2019-2020,3.21,4.08,4.39,5.0,0.11587485515643106,0.16009852216748768,42.61,43.61
358,358,24.08.2019,Norwich City,2 : 3,Chelsea,Завершен,england-premier-league-2019-2020,3.21,5.74,4.26,6.5,0.0879396984924623,0.15025041736227046,49.21,60.66
359,359,23.08.2019,Aston Villa,2 : 0,Everton,Завершен,england-premier-league-2019-2020,4.0,4.18,5.26,5.34,0.12127894156560089,0.13840830449826988,44.21,48.84
360,360,19.08.2019,Wolverhampton,1 : 1,Manchester United,Завершен,england-premier-league-2019-2020,4.05,5.39,5.08,5.37,0.1422319474835886,0.16932270916334663,48.34,55.87
361,361,18.08.2019,Chelsea,1 : 1,Leicester City,Завершен,england-premier-league-2019-2020,5.74,4.92,6.5,5.82,0.15025041736227046,0.16838166510757716,60.66,57.63
362,362,18.08.2019,Sheffield United,1 : 0,Crystal Palace,Завершен,england-premier-league-2019-2020,3.05,3.13,5.58,4.66,0.14450867052023122,0.10796221322537113,42.97,44.61
363,363,17.08.2019,Manchester City,2 : 2,Tottenham Hotspur,Завершен,england-premier-league-2019-2020,6.76,4.26,7.84,5.26,0.18430034129692835,0.18058690744920997,66.87,52.11
364,364,17.08.2019,Aston Villa,1 : 2,AFC Bournemouth,Завершен,england-premier-league-2019-2020,4.0,3.16,5.26,5.11,0.12127894156560089,0.14473684210526316,44.21,44.16
365,365,17.08.2019,Brighton,1 : 1,West Ham United,Завершен,england-premier-league-2019-2020,3.68,4.08,4.68,5.0,0.1079913606911447,0.16009852216748768,52.5,43.61
366,366,17.08.2019,Everton,1 : 0,Watford,Завершен,england-premier-league-2019-2020,4.18,3.21,5.34,4.39,0.13840830449826988,0.11587485515643106,48.84,42.61
367,367,17.08.2019,Norwich City,3 : 1,Newcastle United,Завершен,england-premier-league-2019-2020,3.21,3.21,4.26,3.97,0.0879396984924623,0.13280212483399734,49.21,38.84
368,368,17.08.2019,Southampton,1 : 2,Liverpool,Завершен,england-premier-league-2019-2020,4.63,6.05,5.53,6.76,0.1381509032943677,0.19963702359346644,48.84,63.03
369,369,17.08.2019,Arsenal,2 : 1,Burnley,Завершен,england-premier-league-2019-2020,4.03,3.24,6.08,4.5,0.1925545571245186,0.14473684210526316,53.79,41.32
370,370,11.08.2019,Manchester United,4 : 0,Chelsea,Завершен,england-premier-league-2019-2020,5.39,5.74,5.37,6.5,0.16932270916334663,0.15025041736227046,55.87,60.66
371,371,11.08.2019,Leicester City,0 : 0,Wolverhampton,Завершен,england-premier-league-2019-2020,4.92,4.05,5.82,5.08,0.16838166510757716,0.1422319474835886,57.63,48.34
372,372,11.08.2019,Newcastle United,0 : 1,Arsenal,Завершен,england-premier-league-2019-2020,3.21,4.03,3.97,6.08,0.13280212483399734,0.1925545571245186,38.84,53.79
373,373,10.08.2019,Tottenham Hotspur,3 : 1,Aston Villa,Завершен,england-premier-league-2019-2020,4.26,4.0,5.26,5.26,0.18058690744920997,0.12127894156560089,52.11,44.21
374,374,10.08.2019,AFC Bournemouth,1 : 1,Sheffield United,Завершен,england-premier-league-2019-2020,3.16,3.05,5.11,5.58,0.14473684210526316,0.14450867052023122,44.16,42.97
375,375,10.08.2019,Burnley,3 : 0,Southampton,Завершен,england-premier-league-2019-2020,3.24,4.63,4.5,5.53,0.14473684210526316,0.1381509032943677,41.32,48.84
376,376,10.08.2019,Crystal Palace,0 : 0,Everton,Завершен,england-premier-league-2019-2020,3.13,4.18,4.66,5.34,0.10796221322537113,0.13840830449826988,44.61,48.84
377,377,10.08.2019,Watford,0 : 3,Brighton,Завершен,england-premier-league-2019-2020,3.21,3.68,4.39,4.68,0.11587485515643106,0.1079913606911447,42.61,52.5
378,378,10.08.2019,West Ham United,0 : 5,Manchester City,Завершен,england-premier-league-2019-2020,4.08,6.76,5.0,7.84,0.16009852216748768,0.18430034129692835,43.61,66.87
379,379,09.08.2019,Liverpool,4 : 1,Norwich City,Завершен,england-premier-league-2019-2020,6.05,3.21,6.76,4.26,0.19963702359346644,0.0879396984924623,63.03,49.21
